ds,yhat,yhat_lower,yhat_upper
2024-01-01 00:00:00,42.71211672814949,11.197652697578135,70.8235681063513
2024-01-01 01:00:00,43.87916304146843,15.267621224965652,73.5344597881537
2024-01-01 02:00:00,45.17848524220223,18.765833774287863,77.6567355873132
2024-01-01 03:00:00,45.281718600827034,14.386192574585184,74.2018249947773
2024-01-01 04:00:00,43.74999284052769,14.264666726956072,71.67920678521646
2024-01-01 05:00:00,41.55371046059126,12.368870507822141,71.95926978150638
2024-01-01 06:00:00,40.29538931007957,6.036028007598728,67.7097076408725
2024-01-01 07:00:00,40.814597977923285,8.064704066806721,69.77982634332172
2024-01-01 08:00:00,42.45996848864014,12.73823209723758,74.78824625504419
2024-01-01 09:00:00,43.69601632984799,14.737775966556526,72.83090827435294
2024-01-01 10:00:00,43.46209297554206,11.245679358257973,74.02470533260521
2024-01-01 11:00:00,42.020348962540034,13.441852568504112,72.04088581511944
2024-01-01 12:00:00,40.559258044062986,12.249831046435459,71.8882542965116
2024-01-01 13:00:00,40.01922646458874,10.900483324043838,71.15712241943109
2024-01-01 14:00:00,40.302826318200026,11.957978293053765,70.27990539261143
2024-01-01 15:00:00,40.57483023296236,9.315792896826824,73.20737193723079
2024-01-01 16:00:00,40.244403538092975,7.6265036521045335,71.50965044295805
2024-01-01 17:00:00,39.57766566718172,9.112309389807185,70.11738336719768
2024-01-01 18:00:00,39.333549078939214,10.307096467722582,68.49626455953498
2024-01-01 19:00:00,39.86001507087907,9.938204389088463,72.19946275756682
2024-01-01 20:00:00,40.64802204998507,11.254127324295032,70.51353285222221
2024-01-01 21:00:00,40.84621983115246,10.041789450565417,70.73459612912927
2024-01-01 22:00:00,40.208255273438446,9.27516427790629,73.15304942806263
2024-01-01 23:00:00,39.45144288661505,8.108357548790394,68.23295701063032
2024-01-02 00:00:00,39.580804124115204,7.129891586450771,69.45720442857302
2024-01-02 01:00:00,40.809587244186936,10.899580423933154,72.462576550821
2024-01-02 02:00:00,42.18405656960419,11.398560418231595,72.44159629341397
2024-01-02 03:00:00,42.375654393497186,12.12829082350912,71.33678391626262
2024-01-02 04:00:00,40.94524518352844,9.86052512174648,69.67189871037104
2024-01-02 05:00:00,38.86289096500787,7.23560685634232,67.83773140228875
2024-01-02 06:00:00,37.73069147455454,7.302307506402062,68.22663007297675
2024-01-02 07:00:00,38.387717716792324,9.291904474797848,69.55615988413311
2024-01-02 08:00:00,40.18202348261833,11.997723255796563,68.87843510049987
2024-01-02 09:00:00,41.57746490873087,10.266709055810022,72.44719492315372
2024-01-02 10:00:00,41.51265329762846,12.32137068004625,73.38201166654486
2024-01-02 11:00:00,40.248919294617366,12.70597562714728,73.5980015782689
2024-01-02 12:00:00,38.97383898200711,7.620511454163102,68.32422851439377
2024-01-02 13:00:00,38.62684595690907,8.208484722871333,69.93554191753508
2024-01-02 14:00:00,39.108713543111506,8.80343538341413,72.10613251155924
2024-01-02 15:00:00,39.58385851266912,11.432812918665435,69.38534628593895
2024-01-02 16:00:00,39.46027420495518,9.552496032373586,70.91691193375998
2024-01-02 17:00:00,39.00285303767982,9.576834448958767,71.34811237680476
2024-01-02 18:00:00,38.96925253012439,6.728454527309696,69.054331771257
2024-01-02 19:00:00,39.70611899816734,7.183960070679115,67.64242961630828
2024-01-02 20:00:00,40.70306443241593,9.763854013849613,70.1770384683799
2024-01-02 21:00:00,41.10737006713655,11.669327516429876,72.83721691586072
2024-01-02 22:00:00,40.67130187615318,9.807882231142756,71.73879134999477
2024-01-02 23:00:00,40.11079154627324,10.341116829527813,70.26902316548156
2024-01-03 00:00:00,40.4294865533316,10.639913483790334,71.07077571998798
2024-01-03 01:00:00,41.83928112320165,10.785735426805761,72.90584169689744
2024-01-03 02:00:00,43.385116804935315,13.9322066122456,73.83726963273675
2024-01-03 03:00:00,43.73715579115971,16.561862939242605,73.41027700245505
2024-01-03 04:00:00,42.455036524405934,12.158812430282769,70.82034660714675
2024-01-03 05:00:00,40.50766035297049,11.408484961353896,71.60179338317627
2024-01-03 06:00:00,39.496042707009174,9.48146569775809,68.96394793140493
2024-01-03 07:00:00,40.25825731120481,8.785309047338608,69.43076443790011
2024-01-03 08:00:00,42.14145787055825,11.070733137484702,74.59422711414582
2024-01-03 09:00:00,43.60870719781706,14.095923587403446,74.49172173035831
2024-01-03 10:00:00,43.59793888609762,13.30312343215183,73.99375030586614
2024-01-03 11:00:00,42.369929520956106,13.288529516667289,69.7179272666381
2024-01-03 12:00:00,41.11183189019435,11.735020691134226,70.88058668237004
2024-01-03 13:00:00,40.76279316651751,9.653324580637266,70.92558893166017
2024-01-03 14:00:00,41.224196958442654,12.00005088188759,71.85328577984555
2024-01-03 15:00:00,41.659706400922715,13.480076145269194,69.37530660906161
2024-01-03 16:00:00,41.477464373077886,11.934789667082883,72.47436260540802
2024-01-03 17:00:00,40.94266252776364,10.926460426053406,72.50590894500155
2024-01-03 18:00:00,40.8134073473745,9.75541323614933,70.4056094431265
2024-01-03 19:00:00,41.436942534113186,10.118120457127487,69.43312072753952
2024-01-03 20:00:00,42.30362323876195,11.304301379207766,71.60819949051009
2024-01-03 21:00:00,42.56161563685043,12.65520732961187,72.59462498783861
2024-01-03 22:00:00,41.96420710918896,10.60435628957595,73.41569215477708
2024-01-03 23:00:00,41.22848060738484,10.937818716718972,69.16857477538828
2024-01-04 00:00:00,41.35935687630718,10.842577749107434,72.85894955266977
2024-01-04 01:00:00,42.57011637546249,12.521105850866213,74.83705762800275
2024-01-04 02:00:00,43.90718969721301,15.305542835223642,72.2637335614515
2024-01-04 03:00:00,44.04203786796461,10.050514693901318,75.25480580432641
2024-01-04 04:00:00,42.5362413426488,10.43439681351858,73.63234444261681
2024-01-04 05:00:00,40.36042820816168,10.902700311138807,71.3104440246353
2024-01-04 06:00:00,39.117393536739144,9.304120269062802,69.43476069106231
2024-01-04 07:00:00,39.64702935319328,9.955576908245396,72.14154139814727
2024-01-04 08:00:00,41.298331617081296,10.525224494771711,71.33586161578131
2024-01-04 09:00:00,42.536214325755395,12.505448279626176,72.50746827393652
2024-01-04 10:00:00,42.300455982715036,13.203347171728884,72.70411740463095
2024-01-04 11:00:00,40.853656567359565,10.013846123109442,71.29891939557325
2024-01-04 12:00:00,39.38475560891842,8.851450789809927,66.25397103557698
2024-01-04 13:00:00,38.83463548482176,9.105700446754627,70.9220370461507
2024-01-04 14:00:00,39.10634897820755,6.391241588744892,69.5714290165767
2024-01-04 15:00:00,39.365148405870855,7.489758350842393,67.61354960736928
2024-01-04 16:00:00,39.020672536640554,5.863154334545205,68.77429187851398
2024-01-04 17:00:00,38.339503111942875,8.668302643530765,68.84127859211131
2024-01-04 18:00:00,38.08101930103633,7.856241986407299,68.86063175686147
2024-01-04 19:00:00,38.593609510329166,8.428754996834025,70.85997465525185
2024-01-04 20:00:00,39.36863614857189,7.870883370904984,70.48296221214773
2024-01-04 21:00:00,39.555126947359575,10.730423054206726,68.34843426377681
2024-01-04 22:00:00,38.90707816727677,10.555748062413517,69.7127448555109
2024-01-04 23:00:00,38.142123335647916,8.10569517633816,67.00854150053453
2024-01-05 00:00:00,38.265571235816836,5.683379102856436,71.14053496058713
2024-01-05 01:00:00,39.49092502500447,8.863033088354381,69.18517635476898
2024-01-05 02:00:00,40.86467129990067,8.778747368794134,69.517830262375
2024-01-05 03:00:00,41.05844233645393,10.660866254505004,71.0522004404793
2024-01-05 04:00:00,39.633261129442296,7.254570498964242,69.99667836537698
2024-01-05 05:00:00,37.559318076759666,7.820215743527737,69.19133340621713
2024-01-05 06:00:00,36.438812859905745,6.86523597349843,69.37165551753975
2024-01-05 07:00:00,37.11089010672037,5.116260151124833,68.55496790098059
2024-01-05 08:00:00,38.92365334141728,6.487727636331209,68.82796228886511
2024-01-05 09:00:00,40.340987248940884,10.129503939009352,69.10037208750346
2024-01-05 10:00:00,40.30151340929114,9.399013134651337,69.62345565674221
2024-01-05 11:00:00,39.066557541417225,8.62280125903271,70.08833930820397
2024-01-05 12:00:00,37.82367874929552,8.079175998930385,67.17498298179592
2024-01-05 13:00:00,37.51228477588414,6.503034943416425,66.33442788374201
2024-01-05 14:00:00,38.03387217665664,6.314242573141019,68.76752939320708
2024-01-05 15:00:00,38.55206841487756,9.320299393875098,69.334450549774
2024-01-05 16:00:00,38.4748328732336,10.311199450153742,69.89705474066156
2024-01-05 17:00:00,38.06702664618862,9.100753924757692,66.83289170485217
2024-01-05 18:00:00,38.08628112453734,7.027608254463311,68.46498032744672
2024-01-05 19:00:00,38.879223748981474,10.334752186266577,67.90034370178948
2024-01-05 20:00:00,39.93545658495416,12.081515345146821,71.23949976174084
2024-01-05 21:00:00,40.40226118810878,10.147652172615144,68.73936309720528
2024-01-05 22:00:00,40.031914967723274,9.161531068661935,70.28503167284235
2024-01-05 23:00:00,39.540372574623824,6.979209889148374,68.13892765642196
2024-01-06 00:00:00,39.9313159247029,10.925700092996923,68.53859328895743
2024-01-06 01:00:00,41.416684631783,11.745778306115907,72.01721779321937
2024-01-06 02:00:00,43.041475576842025,12.590859553482211,71.40497739885862
2024-01-06 03:00:00,43.47591475864682,13.596546163670155,71.10416277024628
2024-01-06 04:00:00,42.279710978065985,14.386607940885103,74.32820012404913
2024-01-06 05:00:00,40.42184014568325,10.533379456760775,71.98823480000917
2024-01-06 06:00:00,39.503393712407124,8.850778573756363,68.96222914150997
2024-01-06 07:00:00,40.36251977956881,10.133915675599397,73.3706849209556
2024-01-06 08:00:00,42.34644136787914,12.351730033207946,72.50060225780963
2024-01-06 09:00:00,43.91828186476227,13.743334499311676,73.09238937060071
2024-01-06 10:00:00,44.01602281124675,15.335984875784273,76.06011374387201
2024-01-06 11:00:00,42.900472079488296,10.521243307183312,70.93786020054948
2024-01-06 12:00:00,41.75879296639185,13.65192821041304,71.40659786467555
2024-01-06 13:00:00,41.53011824383593,11.54466408247767,71.22888240960029
2024-01-06 14:00:00,42.115788129744445,12.510590353948833,71.80101514468917
2024-01-06 15:00:00,42.67938942148491,14.114680477808614,72.90977383224822
2024-01-06 16:00:00,42.6289519486725,10.560056794397495,72.25655493704365
2024-01-06 17:00:00,42.22951409845915,12.454975961113849,72.99583600169595
2024-01-06 18:00:00,42.23898569519037,13.551533216706295,72.77705789215413
2024-01-06 19:00:00,43.00436760571443,10.090129176681215,74.75297010621105
2024-01-06 20:00:00,44.01572363453762,14.488328544456017,73.79559867271934
2024-01-06 21:00:00,44.420878273882195,16.690782126119803,74.72845548568405
2024-01-06 22:00:00,43.97272561350745,12.855430406808491,72.87921991572735
2024-01-06 23:00:00,43.38790303595438,12.761995878403201,72.76339408065253
2024-01-07 00:00:00,43.670833404349324,13.493696602214637,74.1449517378061
2024-01-07 01:00:00,45.03424761377746,13.805466627109354,76.02587227965212
2024-01-07 02:00:00,46.52397632462741,19.867814902365215,77.15042746179755
2024-01-07 03:00:00,46.81111411143997,16.692743028691265,76.7158003172187
2024-01-07 04:00:00,45.45626565961848,14.954750735336564,73.13523365113964
2024-01-07 05:00:00,43.429322890438016,13.615202762350851,72.42741625767434
2024-01-07 06:00:00,42.3323065549786,11.034467006216307,72.09004295869889
2024-01-07 07:00:00,43.00430094303128,13.416830869451605,72.89918017583373
2024-01-07 08:00:00,44.79346622590282,15.13534144560111,74.74114160445816
2024-01-07 09:00:00,46.16385849937331,16.446420753360574,74.33215951930133
2024-01-07 10:00:00,46.05438272045707,15.693826082158818,76.69946128302873
2024-01-07 11:00:00,44.72675661723685,15.15199845487295,78.90883162471302
2024-01-07 12:00:00,43.36903610870974,10.393278494199228,72.82324181368055
2024-01-07 13:00:00,42.92122628304566,14.00575960502258,73.6922284238555
2024-01-07 14:00:00,43.28551689196309,14.372746085188995,72.32593618972405
2024-01-07 15:00:00,43.626319590034,10.3508715114597,74.87118147645218
2024-01-07 16:00:00,43.352463053062024,11.389487287313083,72.62531418740575
2024-01-07 17:00:00,42.729757697726335,14.671064731104916,74.81464501286797
2024-01-07 18:00:00,42.51685824431522,13.178439683042589,74.82957116274154
2024-01-07 19:00:00,43.061483450605856,12.844391701423595,72.8303708351499
2024-01-07 20:00:00,43.85438852646542,12.220661286208744,72.73423914916687
2024-01-07 21:00:00,44.044063738789,12.504953383158238,71.14925912175362
2024-01-07 22:00:00,43.38404445043536,12.747060018194778,73.7088552792165
2024-01-07 23:00:00,42.59158615369532,12.108305040896322,71.16684531804222
2024-01-08 00:00:00,42.67170813974898,13.543115948950494,70.38270797648207
2024-01-08 01:00:00,43.83771760739887,15.490259766479083,75.26118767910916
2024-01-08 02:00:00,45.13600296258256,16.759231839158332,76.21684810842096
2024-01-08 03:00:00,45.23819947556672,16.159677969938098,73.85184958911601
2024-01-08 04:00:00,43.70543686963231,12.730006669112278,75.63452531357734
2024-01-08 05:00:00,41.50811764411935,12.685175460340455,71.91340941683087
2024-01-08 06:00:00,40.248759647953534,10.446172107854276,72.1591658306534
2024-01-08 07:00:00,40.76693147015858,11.122035938398007,73.32198855649925
2024-01-08 08:00:00,42.411265135291444,9.72249300322265,74.19620633378209
2024-01-08 09:00:00,43.64627613086899,14.796287073784269,74.29058023240779
2024-01-08 10:00:00,43.41131593092431,13.545244947338581,72.09620071733345
2024-01-08 11:00:00,41.968535072285235,11.594756746012111,72.02940690881705
2024-01-08 12:00:00,40.50640730823436,11.087990154569859,71.99907070610938
2024-01-08 13:00:00,39.965338883088044,9.810860929523301,68.30045045660857
2024-01-08 14:00:00,40.24790189108574,9.33759235989539,69.62150825955233
2024-01-08 15:00:00,40.51886896023282,14.242636122234824,71.71079762797481
2024-01-08 16:00:00,40.18740541974305,11.400602466991923,70.95610254049323
2024-01-08 17:00:00,39.5196306962383,11.568166222318137,71.16409778714493
2024-01-08 18:00:00,39.274477255488726,9.393161529894149,69.62816820090593
2024-01-08 19:00:00,39.799906394905435,9.62701880335021,71.09503684733127
2024-01-08 20:00:00,40.5868765214353,8.453665597671051,71.27982464734356
2024-01-08 21:00:00,40.78403745005382,11.554384856133408,74.33208433539892
2024-01-08 22:00:00,40.14503603979869,9.9171551863412,71.81884587102302
2024-01-08 23:00:00,39.38718680043236,10.082422983308852,69.64940687404709
2024-01-09 00:00:00,39.515511185343705,9.877158742446046,68.46536648284813
2024-01-09 01:00:00,40.743257452922286,10.295321193286929,72.08707757988425
2024-01-09 02:00:00,42.11668992572682,14.116665622390276,73.30121794881016
2024-01-09 03:00:00,42.3072508971117,12.371936387595515,70.27713219533683
2024-01-09 04:00:00,40.875804834585274,10.543997830768362,71.05681018868522
2024-01-09 05:00:00,38.79241376356868,8.09422641639401,70.16915092952041
2024-01-09 06:00:00,37.6591774205394,7.3948079401241715,68.12966288640649
2024-01-09 07:00:00,38.31516681021631,7.373915056728896,70.60486427309388
2024-01-09 08:00:00,40.10843572352916,7.895968141484171,71.3669555739161
2024-01-09 09:00:00,41.502840297087985,11.631958887760065,71.6339804850515
2024-01-09 10:00:00,41.43699183342776,12.080540844594442,71.5515144575644
2024-01-09 11:00:00,40.17222097785701,10.074988769639166,72.42789287015361
2024-01-09 12:00:00,38.89610381275148,8.302484520993895,69.82478171011131
2024-01-09 13:00:00,38.548073935057495,6.983870228210758,68.33499806293852
2024-01-09 14:00:00,39.02965949458137,8.369483869198248,68.5694749898205
2024-01-09 15:00:00,39.50452243745954,8.945090718123978,70.70728612103797
2024-01-09 16:00:00,39.380656103061014,9.753780939110404,73.86027424991897
2024-01-09 17:00:00,38.922952909049286,8.242213960044793,69.48673669717859
2024-01-09 18:00:00,38.88907037484586,10.61536090954203,68.81379746228569
2024-01-09 19:00:00,39.625654816222564,10.069483497125509,71.11668603277596
2024-01-09 20:00:00,40.62231822374618,9.50479018955981,70.91261522488922
2024-01-09 21:00:00,41.02634183177714,8.837556438146677,70.16901447243536
2024-01-09 22:00:00,40.589991614111874,11.967200673163715,71.9773759749044
2024-01-09 23:00:00,40.02919925755453,9.585508128387605,70.73730340584385
2024-01-10 00:00:00,40.347612237879375,12.957349438907377,71.68187748120879
2024-01-10 01:00:00,41.75712478111729,12.12594972059281,70.75297549758731
2024-01-10 02:00:00,43.30267843615152,15.553604320063988,73.41881016708162
2024-01-10 03:00:00,43.65443539567076,13.57535781886538,76.52646707186761
2024-01-10 04:00:00,42.37203410221736,10.436911815402304,73.30363597962275
2024-01-10 05:00:00,40.424375904134855,7.589323234864692,71.66357814367511
2024-01-10 06:00:00,39.412476232124995,9.325085203800741,69.40065862232618
2024-01-10 07:00:00,40.17440881028662,11.223312790891462,70.50716429664158
2024-01-10 08:00:00,42.05732734366669,11.018680859972257,72.48257138441033
2024-01-10 09:00:00,43.52429464490001,13.711243453845617,71.82939522018494
2024-01-10 10:00:00,43.51324430714659,12.723147899752027,74.72043266054999
2024-01-10 11:00:00,42.28495291605822,10.727158537860479,71.59857041368963
2024-01-10 12:00:00,41.02657325923911,10.712313560300926,72.824750001
2024-01-10 13:00:00,40.67725250949624,10.51134265580201,70.86470234722859
2024-01-10 14:00:00,41.13837427542258,11.542585129256464,70.69191645325209
2024-01-10 15:00:00,41.57360169188216,10.966501860485051,70.98824601503485
2024-01-10 16:00:00,41.39107763802171,10.222623438010238,72.54188780979366
2024-01-10 17:00:00,40.85599376668774,9.699522309248795,70.9246426760159
2024-01-10 18:00:00,40.72645656025542,12.878140573667718,70.49987849485139
2024-01-10 19:00:00,41.349709721013284,9.300311877436888,73.02987333346755
2024-01-10 20:00:00,42.21610839960639,12.386261765240441,71.06101978429551
2024-01-10 21:00:00,42.473818771720346,11.44866527562984,71.87806538755946
2024-01-10 22:00:00,41.87612821804628,11.726246111840439,71.45371512646828
2024-01-10 23:00:00,41.14011969018803,10.306403324726896,69.22800229242155
2024-01-11 00:00:00,41.27071393310137,9.923085724087782,72.00981890285138
2024-01-11 01:00:00,42.48119140623822,11.015203097313927,74.5402307171921
2024-01-11 02:00:00,43.817982701948964,14.392752367975259,75.1149569026005
2024-01-11 03:00:00,43.95283068218644,12.152866623438069,72.96980334517298
2024-01-11 04:00:00,42.44703396640928,13.385445657640929,73.08522354077861
2024-01-11 05:00:00,40.27122064136249,11.350804343368806,68.22553662706281
2024-01-11 06:00:00,39.02818577944792,8.31041362479948,69.7574529218772
2024-01-11 07:00:00,39.55782140541207,8.61138862176332,69.46094527991602
2024-01-11 08:00:00,41.20912347880078,10.807215335785694,71.1418036090542
2024-01-11 09:00:00,42.44700599691731,12.444138637835302,71.05402665818448
2024-01-11 10:00:00,42.211247463400134,12.745754404165922,71.58465649404654
2024-01-11 11:00:00,40.76444785752318,10.224459916531062,68.4586217578133
2024-01-11 12:00:00,39.295546708571564,8.69779831840504,70.4400834517382
2024-01-11 13:00:00,38.74542639397416,5.871312423003036,68.57464039081066
2024-01-11 14:00:00,39.0171396968889,7.31627620350147,68.95726025413347
2024-01-11 15:00:00,39.275938934041235,7.334835264538659,67.34949486539928
2024-01-11 16:00:00,38.93146287425502,8.22158581852091,68.85461188820364
2024-01-11 17:00:00,38.2502932590912,9.498002915304376,67.79820400546883
2024-01-11 18:00:00,37.99180925767196,6.5974311382323725,69.59002683259564
2024-01-11 19:00:00,38.504399272463786,8.798791724693672,69.17954638934583
2024-01-11 20:00:00,39.2794257162068,10.262873144331596,70.81058288730172
2024-01-11 21:00:00,39.46591632054725,8.867065303193684,71.30384869826509
2024-01-11 22:00:00,38.81786734593078,9.580724653443788,69.48706389896203
2024-01-11 23:00:00,38.05291231984209,5.603643033364654,69.48009528609566
2024-01-12 00:00:00,38.1763600255071,8.511443229020601,69.71357411458249
2024-01-12 01:00:00,39.401713620202926,7.997032297678434,70.2253631633405
2024-01-12 02:00:00,40.7754597005896,11.039683488372711,71.28512443341334
2024-01-12 03:00:00,40.96923054265581,12.036543311804738,69.19268656117647
2024-01-12 04:00:00,39.5440491411776,9.808649367258512,70.93687230571763
2024-01-12 05:00:00,37.470105893951114,8.399087790060833,68.99955283464833
2024-01-12 06:00:00,36.3496004826192,6.103868754894565,67.35234411018513
2024-01-12 07:00:00,37.02167753486837,6.844637547328753,68.81872845286944
2024-01-12 08:00:00,38.83444057516828,7.82973057819129,69.04677947887522
2024-01-12 09:00:00,40.251774288145114,9.041711331902581,68.71804975251929
2024-01-12 10:00:00,40.21230025403549,9.066294345470384,71.18421004067791
2024-01-12 11:00:00,38.97734419165572,6.791488478344093,66.47537305056464
2024-01-12 12:00:00,37.7344652050374,6.925838507610674,69.4743592893947
2024-01-12 13:00:00,37.423071037139096,8.520579425394805,68.26238862319244
2024-01-12 14:00:00,37.944658243438695,10.79024315116156,66.3619723085383
2024-01-12 15:00:00,38.46285446846036,7.263000093235199,68.26483514747282
2024-01-12 16:00:00,38.385618913562006,10.096505837285735,66.66011600801505
2024-01-12 17:00:00,37.97781267337258,8.58411084635001,67.815140280452
2024-01-12 18:00:00,37.99706713851493,6.934267226246434,68.60919232594468
2024-01-12 19:00:00,38.79000974975071,8.790718914614951,67.97104259427316
2024-01-12 20:00:00,39.8462425725163,7.596668375809181,70.71371610658967
2024-01-12 21:00:00,40.31304716251405,9.06880672353754,71.93549802123451
2024-01-12 22:00:00,39.942700928889636,11.766444259788168,71.3231842524854
2024-01-12 23:00:00,39.4511585225847,9.809858291772528,68.43779105601595
2024-01-13 00:00:00,39.84210185947322,10.158710101465784,69.36670732473587
2024-01-13 01:00:00,41.32747055335332,10.619667137289674,71.97584560454429
2024-01-13 02:00:00,42.95226148520635,14.538579911073002,73.82797442134112
2024-01-13 03:00:00,43.38670065380607,10.914781583767873,75.19304182584388
2024-01-13 04:00:00,42.19049686006776,11.523194829665012,71.66024230468929
2024-01-13 05:00:00,40.33262601443325,9.954820646946464,69.82830374212432
2024-01-13 06:00:00,39.41417956797127,11.765887323236198,70.03860882748516
2024-01-13 07:00:00,40.273305621950364,9.002573682259253,71.93011667991364
2024-01-13 08:00:00,42.25722719693364,11.979690850629812,73.83121787814818
2024-01-13 09:00:00,43.829067680700724,12.74764451679554,74.6218589493521
2024-01-13 10:00:00,43.92680861401669,14.063622784773749,74.1493239980592
2024-01-13 11:00:00,42.81125786905856,13.712638478651774,75.26364693119032
2024-01-13 12:00:00,41.66957874279457,10.559435178676702,72.12075237087228
2024-01-13 13:00:00,41.44090400699689,12.153838736549467,70.13796167174148
2024-01-13 14:00:00,42.02657387971791,10.840409307489967,72.62881362677093
2024-01-13 15:00:00,42.590175158267854,13.395018544580424,72.40096256675072
2024-01-13 16:00:00,42.539737672207174,12.655687515296927,73.39495209358549
2024-01-13 17:00:00,42.14029980884515,12.040622811944012,72.82864236550573
2024-01-13 18:00:00,42.149771392361465,13.24845546303563,71.82007237407763
2024-01-13 19:00:00,42.9151532896461,13.461364699835391,72.10363793895814
2024-01-13 20:00:00,43.92650930530297,9.878522864313727,72.24977412879954
2024-01-13 21:00:00,44.331663931446805,14.507179847067407,75.17490262930014
2024-01-13 22:00:00,43.88351125787909,14.043454816099972,73.31358928901068
2024-01-13 23:00:00,43.298688667109886,13.59784829715412,71.84867097891185
2024-01-14 00:00:00,43.581619022344654,14.662459613809954,72.49645690003197
2024-01-14 01:00:00,44.945033218529474,15.504504513679793,75.99707227908289
2024-01-14 02:00:00,46.434761916214036,14.827668886542677,75.68335244771275
2024-01-14 03:00:00,46.72189968981065,13.659368733446861,73.76915018646105
2024-01-14 04:00:00,45.3670512277394,14.456038987392036,75.9199350827657
2024-01-14 05:00:00,43.34010844832358,11.450682284958562,73.19382385032999
2024-01-14 06:00:00,42.24309210265195,12.101194118454131,73.65858426448511
2024-01-14 07:00:00,42.91508648047069,12.468762499641535,71.82428546718633
2024-01-14 08:00:00,44.704251753111414,15.520963886505026,74.94336973911841
2024-01-14 09:00:00,46.074644016338056,15.849304838606226,77.92592453549007
2024-01-14 10:00:00,45.96516822716951,15.910129401990625,76.4760150059584
2024-01-14 11:00:00,44.63754211372482,12.650929512936417,72.16861433033831
2024-01-14 12:00:00,43.2798215949253,14.011808560860118,72.20015887405391
2024-01-14 13:00:00,42.832011759074106,11.100440432893347,74.44293478042002
2024-01-14 14:00:00,43.19630235771777,14.609843565348354,72.32605492396972
2024-01-14 15:00:00,43.537105045558796,13.323091847460212,73.12296870336641
2024-01-14 16:00:00,43.2632484983518,13.842035449012686,75.76028573689759
2024-01-14 17:00:00,42.6405431327756,11.860669976176261,76.45971791211393
2024-01-14 18:00:00,42.427643669105606,12.058574220483841,71.22858078588966
2024-01-14 19:00:00,42.972268865163784,13.279702503242635,74.9709783282259
2024-01-14 20:00:00,43.76517393375584,14.039087700401014,72.4421353998183
2024-01-14 21:00:00,43.95484913879283,12.457007756377148,73.62852995296602
2024-01-14 22:00:00,43.2948298431734,14.36874496194826,73.90358047543262
2024-01-14 23:00:00,42.50237153914103,11.459053076674143,73.7862802691204
2024-01-15 00:00:00,42.582493517959996,12.508618297580922,73.0067692108801
2024-01-15 01:00:00,43.74850297829574,12.791314362197948,75.39071570449501
2024-01-15 02:00:00,45.04678832624609,14.865914325655135,76.06930332687966
2024-01-15 03:00:00,45.14898483194146,15.46192729909169,77.08611088766374
2024-01-15 04:00:00,43.61622221884586,11.392407359914706,74.41800692018498
2024-01-15 05:00:00,41.418902985941195,11.579149227439503,72.25500448049318
2024-01-15 06:00:00,40.15954498252792,9.22610276011119,71.71335259697109
2024-01-15 07:00:00,40.677716797467596,9.919692461475776,68.5704441059622
2024-01-15 08:00:00,42.32205045533574,14.95155463514317,72.68731963069584
2024-01-15 09:00:00,43.557061443634886,11.78882528410613,75.65821794093182
2024-01-15 10:00:00,43.32210123640337,11.802015155230874,71.06674999812579
2024-01-15 11:00:00,41.87932037050869,13.139454479330734,71.06598668424759
2024-01-15 12:00:00,40.41719259915217,9.88818152661352,70.44482633198427
2024-01-15 13:00:00,39.87612416678611,6.940498035957604,71.57060271838081
2024-01-15 14:00:00,40.15868716747607,8.402999795785384,70.09874910506178
2024-01-15 15:00:00,40.42965422936002,11.92895307583283,70.8742836153279
2024-01-15 16:00:00,40.098190681601956,9.31756323025985,70.32317483039954
2024-01-15 17:00:00,39.43041595775669,8.994074701535201,69.67197929236792
2024-01-15 18:00:00,39.18526251664064,9.250236605696841,69.09771213556421
2024-01-15 19:00:00,39.710691655709574,9.862613999611815,69.83111844189618
2024-01-15 20:00:00,40.497661781874,8.721099755194393,68.38564008759529
2024-01-15 21:00:00,40.69482271014193,9.395999295732663,70.83644702728645
2024-01-15 22:00:00,40.055821299544,8.309879427843637,71.58279775232506
2024-01-15 23:00:00,39.29797205981327,10.477011751163811,69.21933983670007
2024-01-16 00:00:00,39.42629644441474,11.59290417952394,67.87284335493375
2024-01-16 01:00:00,40.654042711600574,10.056021183733542,72.11994593346012
2024-01-16 02:00:00,42.02747518408966,10.930850480569026,72.04186681807319
2024-01-16 03:00:00,42.21803615510883,11.445742272276217,72.92600860687936
2024-01-16 04:00:00,40.786590092222205,10.035206806124089,72.96190223154981
2024-01-16 05:00:00,38.70319902097398,9.226743401613952,68.93329804744391
2024-01-16 06:00:00,37.5699626775083,8.36023614377101,68.25306010877149
2024-01-16 07:00:00,38.2259520668383,9.232777381668114,66.688264095149
2024-01-16 08:00:00,40.01922097975686,8.80740853805606,66.7846550090863
2024-01-16 09:00:00,41.41362555285249,10.129410216077307,71.3235198141443
2024-01-16 10:00:00,41.347777088768915,12.23351716939702,72.78549705524169
2024-01-16 11:00:00,40.08300623272602,10.41332267784324,71.04571795932269
2024-01-16 12:00:00,38.80688906715758,11.852692904843613,72.6100497919473
2024-01-16 13:00:00,38.45885918901606,8.080545678659384,70.28075609072334
2024-01-16 14:00:00,38.94044474808553,11.210168404124696,69.78078342548775
2024-01-16 15:00:00,39.41530769048381,8.133046969819048,69.8649836198936
2024-01-16 16:00:00,39.291441355659224,8.695124182581019,71.54126108329184
2024-01-16 17:00:00,38.833738161186474,10.868175156208638,68.41767442725391
2024-01-16 18:00:00,38.79985562651762,8.23230239975813,68.20164372834007
2024-01-16 19:00:00,39.536440067426916,10.047694728779168,70.0046365270056
2024-01-16 20:00:00,40.533103474538066,10.793328272556057,72.49992717634605
2024-01-16 21:00:00,40.93712708205456,10.07803565531689,70.80706937824644
2024-01-16 22:00:00,40.500776863946626,11.049291549483964,70.46183734295126
2024-01-16 23:00:00,39.93998450693255,10.84570492050209,69.40698975829808
2024-01-17 00:00:00,40.25839748680849,11.591267405213754,70.69550680212902
2024-01-17 01:00:00,41.667910029588015,9.450554036065684,72.34175368009389
2024-01-17 02:00:00,43.21346368414341,14.254423630378833,72.80427235547886
2024-01-17 03:00:00,43.56522064321575,15.767176536742323,74.16700883180776
2024-01-17 04:00:00,42.28281934926346,13.769909268202671,74.89834784220835
2024-01-17 05:00:00,40.33516115073015,10.246363663325097,70.40916906065434
2024-01-17 06:00:00,39.32326147760621,7.796651202595953,69.40901895324379
2024-01-17 07:00:00,40.08519405465578,9.87238195146156,70.41052457820979
2024-01-17 08:00:00,41.9681125868585,13.029031358306693,73.5219552656107
2024-01-17 09:00:00,43.43507988701274,12.57988516050496,72.29351921728936
2024-01-17 10:00:00,43.42402954810285,16.495471324676437,74.55567042865752
2024-01-17 11:00:00,42.19573815588722,10.167060684501863,69.36235777619451
2024-01-17 12:00:00,40.93735849793542,11.572201868618103,71.10041045309451
2024-01-17 13:00:00,40.588037747069556,10.902030575794614,70.26286527259163
2024-01-17 14:00:00,41.04915951183604,11.41169973799263,70.07176136898347
2024-01-17 15:00:00,41.48438692718524,8.321528666013789,70.64935767464661
2024-01-17 16:00:00,41.301862872230906,12.810248861922455,72.36085551885652
2024-01-17 17:00:00,40.766778999766046,10.028064393097125,72.42441950362104
2024-01-17 18:00:00,40.63724179219869,10.233760563719082,71.55273353731076
2024-01-17 19:00:00,41.26049495181952,9.479051941576666,72.09147429885013
2024-01-17 20:00:00,42.12689362933064,13.443546191757772,70.78796327516318
2024-01-17 21:00:00,42.3846040002604,11.8300109972137,72.3220959162717
2024-01-17 22:00:00,41.786913445472344,11.255644941533424,73.54555550360983
2024-01-17 23:00:00,41.05090491648281,9.721200968022648,72.71279115746869
2024-01-18 00:00:00,41.18149915827474,11.791900287650218,72.11510820758176
2024-01-18 01:00:00,42.39197663018883,12.782381580083667,73.93381305105423
2024-01-18 02:00:00,43.728767924847745,14.010858106650307,72.23567502846672
2024-01-18 03:00:00,43.86361590396914,13.519463296517307,73.74748733154554
2024-01-18 04:00:00,42.35781918701641,12.568348950357427,74.243572931542
2024-01-18 05:00:00,40.182005860840206,9.60751394842867,69.56897195099073
2024-01-18 06:00:00,38.93897099780844,8.457908910498059,69.42867104618179
2024-01-18 07:00:00,39.468606622657475,8.317224414952051,70.39307869957557
2024-01-18 08:00:00,41.11990869486921,10.523097553929523,71.66446631380387
2024-01-18 09:00:00,42.35779121190023,13.321868587909352,71.55065948090923
2024-01-18 10:00:00,42.12203267722705,14.097732743126329,71.21077584554774
2024-01-18 11:00:00,40.67523307022886,11.667684228609822,70.77848533550596
2024-01-18 12:00:00,39.2063319201418,9.3297066812295,70.4793238079752
2024-01-18 13:00:00,38.65621160441857,7.102705153305602,68.20650202763922
2024-01-18 14:00:00,38.92792490619971,7.492638168916975,68.78880775744173
2024-01-18 15:00:00,39.18672414220034,10.477999160612198,67.29394985678795
2024-01-18 16:00:00,38.84224808131477,10.549497437735068,68.58578986084851
2024-01-18 17:00:00,38.16107846501597,8.248854705491997,68.02350047549838
2024-01-18 18:00:00,37.90259446245913,8.947404100175829,69.6764566345094
2024-01-18 19:00:00,38.415184480097736,6.052166109388039,66.43173224028406
2024-01-18 20:00:00,39.19021092674406,10.710946016440952,68.61273551786032
2024-01-18 21:00:00,39.37670153388278,12.009907355090577,70.85661011704558
2024-01-18 22:00:00,38.728652562139466,7.903156378739497,69.34694911759406
2024-01-18 23:00:00,37.96369753890577,7.968995934727892,68.41564861166977
2024-01-19 00:00:00,38.0871452474361,8.363861027355902,70.27542727490884
2024-01-19 01:00:00,39.31249884498776,10.704312083251267,70.08801751519388
2024-01-19 02:00:00,40.68624492821825,11.189196923173983,69.41978271345187
2024-01-19 03:00:00,40.88001577315258,12.431929361998899,68.8373104762295
2024-01-19 04:00:00,39.454834374488,8.145349400542905,69.87845874303892
2024-01-19 05:00:00,37.38089113016437,6.6159651419625245,65.60810438058468
2024-01-19 06:00:00,36.260385721671625,7.010542189827568,68.21005995064021
2024-01-19 07:00:00,36.93246277677707,10.569894332381397,69.28108357458035
2024-01-19 08:00:00,38.74522581994043,10.51255536075216,69.8510427171066
2024-01-19 09:00:00,40.16255953576594,10.767893741693294,68.4585397939897
2024-01-19 10:00:00,40.12308550453623,8.54795563174414,69.0811557281313
2024-01-19 11:00:00,38.88812944426756,8.462603132734893,65.85492897075409
2024-01-19 12:00:00,37.645250459861806,8.921976302956311,68.4439237351208
2024-01-19 13:00:00,37.33385629408063,8.38648484020122,67.52948485840909
2024-01-19 14:00:00,37.8554435025544,8.121317597389218,66.38058167664971
2024-01-19 15:00:00,38.37363972974854,9.718798079042516,70.16372942948183
2024-01-19 16:00:00,38.29640417701749,7.995209959861968,69.22255432277214
2024-01-19 17:00:00,37.88859793894009,6.422517361001556,68.88012992803502
2024-01-19 18:00:00,37.90785240628813,6.304499364258908,67.54093711049443
2024-01-19 19:00:00,38.700795019708345,7.851489005892142,68.7033417797581
2024-01-19 20:00:00,39.757027844588656,10.60662201104504,70.79981482103408
2024-01-19 21:00:00,40.223832436747855,8.748347938896115,69.71575352372591
2024-01-19 22:00:00,39.85348620529271,10.050457168400678,67.91333157929328
2024-01-19 23:00:00,39.36194380117972,11.403911302892856,69.25990800406078
2024-01-20 00:00:00,39.75288714018696,8.729838171349696,69.58325420422418
2024-01-20 01:00:00,41.23825583628667,9.133986790348333,71.44265325554301
2024-01-20 02:00:00,42.8630467702922,13.572111427264636,71.84859859771029
2024-01-20 03:00:00,43.297485941038744,12.006169345725016,74.04212457644596
2024-01-20 04:00:00,42.10128214945276,13.577587859040525,73.6075239130685
2024-01-20 05:00:00,40.2434113060304,12.013557669441754,72.82610847620754
2024-01-20 06:00:00,39.32496486170031,8.446923471403958,70.12729296310398
2024-01-20 07:00:00,40.18409091782866,8.923200564702514,69.37994040909074
2024-01-20 08:00:00,42.1680124950117,12.31798473880694,71.73988482301539
2024-01-20 09:00:00,43.739852980934835,12.998251184170716,74.09735994616572
2024-01-20 10:00:00,43.8375939163984,10.784364921022867,76.15329669581473
2024-01-20 11:00:00,42.72204317365141,12.693075740644886,71.50749781780455
2024-01-20 12:00:00,41.580364049539455,12.843939402938966,74.10397439627775
2024-01-20 13:00:00,41.35168931585449,12.122946002015473,69.66012088568003
2024-01-20 14:00:00,41.93735919074668,11.604551617522334,70.93332478897975
2024-01-20 15:00:00,42.500960471453766,10.631932035043128,71.79367026612351
2024-01-20 16:00:00,42.4505229875725,10.838352434245024,70.15773034013073
2024-01-20 17:00:00,42.05108512632608,13.446962148910625,72.23844530137227
2024-01-20 18:00:00,42.06055671204305,12.325714869971096,71.37434132734855
2024-01-20 19:00:00,42.825938611499765,11.431852935789513,70.83973910923952
2024-01-20 20:00:00,43.837294629294014,12.237248878179805,73.09032205215011
2024-01-20 21:00:00,44.24244925759859,12.660778284370178,73.6566736431071
2024-01-20 22:00:00,43.79429658619939,14.59299103954482,73.01958182445809
2024-01-20 23:00:00,43.209473998116884,13.292931859775363,74.15893895462503
2024-01-21 00:00:00,43.492404355982394,12.956175232616967,72.00287101751258
2024-01-21 01:00:00,44.855818554893865,14.679976515477563,74.86165723278751
2024-01-21 02:00:00,46.345547255240476,16.305107724191462,75.50961886498804
2024-01-21 03:00:00,46.632685031493445,16.466096203125275,78.07122169327333
2024-01-21 04:00:00,45.277836572084105,13.45935173061581,75.08972829824816
2024-01-21 05:00:00,43.250893795386965,15.305994410678196,74.40982186796266
2024-01-21 06:00:00,42.15387745235736,10.442481827727944,71.90325232472127
2024-01-21 07:00:00,42.82587183283732,13.536095788754794,74.25544133653196
2024-01-21 08:00:00,44.615037108189256,13.693012720631465,74.81172452909259
2024-01-21 09:00:00,45.98542937408283,14.367383237831303,75.1571756846124
2024-01-21 10:00:00,45.87595358757278,16.628722852040436,73.62399981184686
2024-01-21 11:00:00,44.548327476787925,12.940422170359902,74.76721397068279
2024-01-21 12:00:00,43.1906069607113,13.33129323538241,72.80038230543416
2024-01-21 13:00:00,42.742797127485375,13.428310961493809,73.9031669439279
2024-01-21 14:00:00,43.10708772881247,14.876474874125822,73.09958809814422
2024-01-21 15:00:00,43.44789041933529,15.519338614968856,73.12630269622719
2024-01-21 16:00:00,43.17403387480494,11.75661403735834,74.64940555710936
2024-01-21 17:00:00,42.55132851185223,12.24087455221393,74.9939340321294
2024-01-21 18:00:00,42.338429050898384,12.802568216333889,73.19891033866979
2024-01-21 19:00:00,42.88305424964895,11.186740709781052,75.05751199562832
2024-01-21 20:00:00,43.67595931788562,12.742922488238326,74.9870815565705
2024-01-21 21:00:00,43.86563452265603,14.891525064936747,73.89847960271328
2024-01-21 22:00:00,43.20561522674968,11.893874668477748,75.22919613326279
2024-01-21 23:00:00,42.41315692243595,12.533692217371593,72.3559607518057
2024-01-22 00:00:00,42.49327890091602,11.049026919522143,69.31816430872445
2024-01-22 01:00:00,43.65928836101533,12.173356839545576,73.88145547906251
2024-01-22 02:00:00,44.95757370864675,15.850235045609088,74.88537956156532
2024-01-22 03:00:00,45.05977021404678,16.20849781672147,74.38322063629434
2024-01-22 04:00:00,43.52700760066153,14.210675529487146,72.96441844905785
2024-01-22 05:00:00,41.32968836744983,11.485961339646481,72.75365780154365
2024-01-22 06:00:00,40.07033036375808,9.75339299533043,72.68639943794247
2024-01-22 07:00:00,40.58850217834798,9.502000081778037,70.76935465695968
2024-01-22 08:00:00,42.23283583600373,8.564028002944346,70.94460535042697
2024-01-22 09:00:00,43.46784682395637,12.979001759667506,74.63220726294601
2024-01-22 10:00:00,43.232886616464114,14.239495375668977,75.47449911746766
2024-01-22 11:00:00,41.79010575026375,12.155589717330345,70.3442114075695
2024-01-22 12:00:00,40.32797797774866,10.973534017720704,69.73827918999815
2024-01-22 13:00:00,39.78690954423375,9.132992398041843,68.28245761911022
2024-01-22 14:00:00,40.069472543804125,10.578745182713513,68.84278884215036
2024-01-22 15:00:00,40.34043960452997,10.55636749952924,69.6043948832431
2024-01-22 16:00:00,40.00897605556637,8.798171242011934,70.36518838043968
2024-01-22 17:00:00,39.34120133060691,9.34364042184666,69.6875456167927
2024-01-22 18:00:00,39.09604788833027,8.079735135491237,68.25009609332666
2024-01-22 19:00:00,39.62147702623663,9.092940269182582,69.60726952068326
2024-01-22 20:00:00,40.408447151239784,13.300499665430134,70.1707738442525
2024-01-22 21:00:00,40.605608078399456,10.513413898353301,69.23278276308604
2024-01-22 22:00:00,39.96660666660571,11.681759014567504,69.13590039285671
2024-01-22 23:00:00,39.208757425730845,8.257586910967905,68.71321509864806
2024-01-23 00:00:00,39.33708180918809,10.709986742827795,67.84826909426815
2024-01-23 01:00:00,40.564828075220255,10.40737332051037,72.30683711133845
2024-01-23 02:00:00,41.93826054653428,12.779256575192552,74.19070873388259
2024-01-23 03:00:00,42.12882151639175,12.431530861759853,72.70628389021373
2024-01-23 04:00:00,40.69737545239545,10.406376789772487,74.34509423773102
2024-01-23 05:00:00,38.61398437993922,9.955747025371767,68.53316933943499
2024-01-23 06:00:00,37.48074803533373,7.845109847814171,66.76989468000514
2024-01-23 07:00:00,38.13673742352598,8.385904343989075,68.33191661560835
2024-01-23 08:00:00,39.93000633529896,9.978109188621772,70.75338321205552
2024-01-23 09:00:00,41.324410907298954,11.962496759946468,73.45433832745752
2024-01-23 10:00:00,41.25856244220108,10.465583226723831,71.38655352733062
2024-01-23 11:00:00,39.99379158510068,9.489989116328333,71.20940564713283
2024-01-23 12:00:00,38.71767441854471,7.964102930150546,69.35970539192215
2024-01-23 13:00:00,38.36964453929745,7.923600134942815,69.39743965141386
2024-01-23 14:00:00,38.85123009735104,8.203758197426414,69.42770372165575
2024-01-23 15:00:00,39.326093038701195,9.364957614910573,71.38217463860862
2024-01-23 16:00:00,39.202226702787605,8.088408824663654,71.7499101211751
2024-01-23 17:00:00,38.7445235073168,8.386529775789109,68.37820671803598
2024-01-23 18:00:00,38.710640971597506,8.139496342053466,69.78876867396447
2024-01-23 19:00:00,39.44722541145435,10.679292032722767,71.2152677233313
2024-01-23 20:00:00,40.443888817514335,10.426125186215053,70.17379455521431
2024-01-23 21:00:00,40.84791242403057,9.55692495676917,68.58678068537712
2024-01-23 22:00:00,40.41156220483899,11.963608842510805,71.16814278607083
2024-01-23 23:00:00,39.850769846782214,10.579036342545043,70.63050239383574
2024-01-24 00:00:00,40.16918282562403,9.24147975148854,69.7607695447551
2024-01-24 01:00:00,41.57869536800903,13.146857399436241,72.74427989439533
2024-01-24 02:00:00,43.124249022153876,14.001678012340767,70.76748217848494
2024-01-24 03:00:00,43.4760059808267,13.489122735692344,72.26545418816752
2024-01-24 04:00:00,42.19360468652021,11.990961732198045,74.39317309619973
2024-01-24 05:00:00,40.24594648754292,12.770027757400976,72.33710894550855
2024-01-24 06:00:00,39.23404681403808,8.744082948803474,69.05543312915863
2024-01-24 07:00:00,39.995979390708776,7.871963566030303,69.5980768797478
2024-01-24 08:00:00,41.87889792252325,12.25938846464491,72.89300364504959
2024-01-24 09:00:00,43.3458652222275,14.415271796268442,74.23896849938166
2024-01-24 10:00:00,43.334814882955236,10.474840505143098,75.1750193038824
2024-01-24 11:00:00,42.10652349033086,9.480087428596633,71.79304900759168
2024-01-24 12:00:00,40.84814383197953,12.144169173426443,71.13846873067833
2024-01-24 13:00:00,40.49882308072379,9.852352178111438,71.88493279410228
2024-01-24 14:00:00,40.95994484511361,10.263579775027596,71.48161663366304
2024-01-24 15:00:00,41.39517226006589,12.90929555556273,73.40784337090774
2024-01-24 16:00:00,41.212648204664305,12.17695983156179,70.48493942245553
2024-01-24 17:00:00,40.67756433186977,12.11705733214921,71.74128133774886
2024-01-24 18:00:00,40.548027123887984,11.38428939576627,69.90235263612938
2024-01-24 19:00:00,41.17128028310512,12.984150241322938,72.77360698320102
2024-01-24 20:00:00,42.03767896021409,12.035789287140112,72.5789341662352
2024-01-24 21:00:00,42.29538933077218,12.940825958177973,71.37663694532823
2024-01-24 22:00:00,41.69769877557775,10.595661294505414,70.75904641829452
2024-01-24 23:00:00,40.96169024617172,11.466023004246239,69.65926111029218
2024-01-25 00:00:00,41.09228448761123,11.227818218432725,70.96686560856466
2024-01-25 01:00:00,42.30276195913344,12.33959407143993,72.2669638097434
2024-01-25 02:00:00,43.63955325338862,14.684722938391525,75.17412964068969
2024-01-25 03:00:00,43.774401232100594,13.28900652315861,74.05848055335453
2024-01-25 04:00:00,42.268604514744005,10.35241522229205,70.73118293617182
2024-01-25 05:00:00,40.09279118817896,8.186492219608642,71.50170387564349
2024-01-25 06:00:00,38.849756324782064,7.895273707458302,67.21246521087016
2024-01-25 07:00:00,39.379391949242525,8.261620874449177,69.81709945126102
2024-01-25 08:00:00,41.03069402108074,12.297753615446547,70.20610077155257
2024-01-25 09:00:00,42.26857653771322,9.621176441994006,71.89615899893968
2024-01-25 10:00:00,42.032818002632986,13.575337363946053,73.95750461590487
2024-01-25 11:00:00,40.58601839524753,13.103140140248545,73.2677778647844
2024-01-25 12:00:00,39.117117244732015,7.838801655481957,69.8329959289369
2024-01-25 13:00:00,38.56699692867025,7.654939462617379,68.17067132323585
2024-01-25 14:00:00,38.83871023281169,8.538854858106271,67.26485003958607
2024-01-25 15:00:00,39.09750947121901,9.110804251805897,68.07209694771687
2024-01-25 16:00:00,38.75303341273503,9.027178082635052,70.80091132172191
2024-01-25 17:00:00,38.071863798832325,9.175399534250918,67.36076208834194
2024-01-25 18:00:00,37.81337979865875,4.733516538544535,66.36839217663817
2024-01-25 19:00:00,38.325969818696116,8.79155044658647,69.19261223279089
2024-01-25 20:00:00,39.10099626773476,8.404851440633978,69.64721867745344
2024-01-25 21:00:00,39.28748687727003,8.176215385535935,71.78246654324423
2024-01-25 22:00:00,38.63943790793105,8.83319518523814,69.12114264788909
2024-01-25 23:00:00,37.87448288707733,8.459001670004273,65.70002220993437
2024-01-26 00:00:00,37.99793059804595,9.266764851433944,67.56802766845976
2024-01-26 01:00:00,39.22328419795024,7.861040617397216,68.73115358415448
2024-01-26 02:00:00,40.597030283554275,11.616573272869458,74.00562776298224
2024-01-26 03:00:00,40.79080113093005,13.259581974466984,71.48543903790839
2024-01-26 04:00:00,39.365619734652576,7.1941146343406706,68.52365211016627
2024-01-26 05:00:00,37.29167649272964,7.246349290778635,66.0401812037708
2024-01-26 06:00:00,36.171171086661694,7.597618880723691,64.59529692376809
2024-01-26 07:00:00,36.843248144170644,6.364506302164568,67.2020804906283
2024-01-26 08:00:00,38.65601118973916,10.053311183541657,68.69014356602486
2024-01-26 09:00:00,40.07334490795658,11.55343230186584,70.93819048485786
2024-01-26 10:00:00,40.033870879108854,7.833352965833892,71.25778628097368
2024-01-26 11:00:00,38.79891482194514,7.756345687561453,67.32032561496264
2024-01-26 12:00:00,37.55603584059597,7.409440239247986,68.90969902094135
2024-01-26 13:00:00,37.24464167795132,8.155687640076753,66.26538331727151
2024-01-26 14:00:00,37.76622888948323,8.381046561898321,68.22759869783242
2024-01-26 15:00:00,38.284425119775285,9.09049368138293,66.73991121672601
2024-01-26 16:00:00,38.207189570137004,7.508241736339652,66.63663330424201
2024-01-26 17:00:00,37.799383335137954,9.794720052298876,67.8341554340982
2024-01-26 18:00:00,37.818637805555106,5.628718344701694,69.2285438769855
2024-01-26 19:00:00,38.61158042206836,9.296406878317256,67.6576457913803
2024-01-26 20:00:00,39.667813250043594,9.477404267396706,71.63854374242142
2024-01-26 21:00:00,40.13461784529044,8.453379524252606,72.35184821912131
2024-01-26 22:00:00,39.764271616930706,9.984018365704822,68.60240470179484
2024-01-26 23:00:00,39.272729215886045,7.676004847174351,68.07140877250187
2024-01-27 00:00:00,39.66367255802431,11.320606346116541,70.29874871299539
2024-01-27 01:00:00,41.14904125716694,10.369522690193604,75.14916622976854
2024-01-27 02:00:00,42.773832194297725,14.087975228365117,71.28474439294159
2024-01-27 03:00:00,43.208271368328376,13.441513395797116,73.86600296327974
2024-01-27 04:00:00,42.012067580032046,11.797500820041925,72.37158495230975
2024-01-27 05:00:00,40.154196739912976,8.213650985071105,69.7929397092809
2024-01-27 06:00:00,39.2357502989097,9.873265603064517,70.18593786920484
2024-01-27 07:00:00,40.09487635834373,7.859315613883679,68.23114278960409
2024-01-27 08:00:00,42.07879793883469,11.135012908658311,73.03417456919767
2024-01-27 09:00:00,43.65063842805207,12.96946248381332,74.21171896471687
2024-01-27 10:00:00,43.7483793668014,15.480318409470115,73.62771308343164
2024-01-27 11:00:00,42.63282862737333,12.240995265091062,72.01948215188543
2024-01-27 12:00:00,41.49114950652662,10.561557144591454,69.27077989011354
2024-01-27 13:00:00,41.2624747761957,13.22819505673772,71.64627241311184
2024-01-27 14:00:00,41.84814465430758,9.380538139580173,72.40805030227891
2024-01-27 15:00:00,42.41174593835194,12.725832631595837,72.4099871956055
2024-01-27 16:00:00,42.36130845777543,10.53217798960233,73.53993891975227
2024-01-27 17:00:00,41.96187059984407,13.186886774703137,72.62420650881289
2024-01-27 18:00:00,41.97134218882413,10.590465127646722,72.32151284366115
2024-01-27 19:00:00,42.73672409160467,14.507327541021638,71.97622674986401
2024-01-27 20:00:00,43.748080112748646,14.511456292739133,74.70821623657149
2024-01-27 21:00:00,44.1532347442963,13.133622839961676,76.13711476685499
2024-01-27 22:00:00,43.70508207624089,13.749485523702836,75.78836105275931
2024-01-27 23:00:00,43.12025949092123,14.11950906511054,73.65901898502251
2024-01-28 00:00:00,43.40318985158667,12.048455074231425,72.93001050032531
2024-01-28 01:00:00,44.76660405328859,12.539859442634432,75.1037019687301
2024-01-28 02:00:00,46.256332756407005,17.153023008391436,78.066924785108
2024-01-28 03:00:00,46.54347053546558,18.098264320397487,76.35079375790706
2024-01-28 04:00:00,45.18862207880439,15.952470331659606,76.87459676916768
2024-01-28 05:00:00,43.16167930490451,11.583052367318018,72.05894106302321
2024-01-28 06:00:00,42.064662964679,13.158275463655606,71.63431200484693
2024-01-28 07:00:00,42.73665734796512,11.049156867349598,71.28857228770055
2024-01-28 08:00:00,44.525822626059885,14.432020539021835,75.33837565140371
2024-01-28 09:00:00,45.89621489479058,15.41498609960435,76.03216522787022
2024-01-28 10:00:00,45.78673911104377,15.017094276114486,75.42409718929423
2024-01-28 11:00:00,44.45911300304711,15.101221926440022,74.4679013356923
2024-01-28 12:00:00,43.1013924897563,11.082034400609155,72.46260587241684
2024-01-28 13:00:00,42.653582659325885,15.641581465668802,73.0285851026195
2024-01-28 14:00:00,43.017873263453,12.370658116912303,72.71067178707992
2024-01-28 15:00:00,43.35867595734349,12.645485749947515,73.74539725265855
2024-01-28 16:00:00,43.08481941623853,13.012724827804918,72.67191664784484
2024-01-28 17:00:00,42.46211405667431,11.288488284604414,72.05151971518588
2024-01-28 18:00:00,42.24921459910476,13.520503722063246,72.25905711865192
2024-01-28 19:00:00,42.793839801237645,11.346938686330972,73.74383707551027
2024-01-28 20:00:00,43.58674487290884,15.200979220850757,73.52518880211784
2024-01-28 21:00:00,43.7764200810156,11.90758129590035,75.0114423036186
2024-01-28 22:00:00,43.116400788515456,13.352136732658977,73.4959526655827
2024-01-28 23:00:00,42.323942487620194,11.958131682837212,72.44324512315032
2024-01-29 00:00:00,42.40406446949061,13.75614122759716,73.0174624877766
2024-01-29 01:00:00,43.57007393298159,13.142852507045221,75.20272186687822
2024-01-29 02:00:00,44.86835928397845,15.60102279948537,74.06020901143242
2024-01-29 03:00:00,44.97055579283607,14.03154682504703,77.86685498851611
2024-01-29 04:00:00,43.43779318274615,11.170234093671217,71.68838757879618
2024-01-29 05:00:00,41.24047395292731,8.82409890959573,70.5345366527994
2024-01-29 06:00:00,39.98111595264059,10.442132352472434,69.43549991212141
2024-01-29 07:00:00,40.49928777063759,9.281781575551,68.99836628891076
2024-01-29 08:00:00,42.143621431635914,11.51973341750675,72.15920076218569
2024-01-29 09:00:00,43.37863242302784,14.61628518811129,72.1529093482087
2024-01-29 10:00:00,43.14367221889935,14.040206581959868,74.69571776037002
2024-01-29 11:00:00,41.700891356102794,12.046990190219907,72.11216996343637
2024-01-29 12:00:00,40.23876358783549,11.448777907370001,70.34270875012898
2024-01-29 13:00:00,39.69769515857803,8.88062888683273,70.3984269285193
2024-01-29 14:00:00,39.980258162396936,10.740231252669167,68.75588915128209
2024-01-29 15:00:00,40.2512252273536,10.90679141745492,69.34021692210626
2024-01-29 16:00:00,39.919761682675706,8.424093890171175,70.67485525431714
2024-01-29 17:00:00,39.25198696196571,9.029579640758225,67.06585692560274
2024-01-29 18:00:00,39.00683352393496,6.709481334677521,71.57480911229736
2024-01-29 19:00:00,39.53226266608524,9.851893815985122,69.6407346134582
2024-01-29 20:00:00,40.31923279538907,11.657254174484118,66.50738114750094
2024-01-29 21:00:00,40.5163937267439,11.618008254472011,71.1223647830579
2024-01-29 22:00:00,39.87739231922129,8.396550556611727,70.86019731602242
2024-01-29 23:00:00,39.119543082597666,10.49920849481499,69.80582105508968
2024-01-30 00:00:00,39.24786747031735,8.410786854980554,70.24852934164394
2024-01-30 01:00:00,40.475613740602476,10.807951122089756,70.8623468579148
2024-01-30 02:00:00,41.84904621615937,13.252729269231308,71.73214182943128
2024-01-30 03:00:00,42.03960719028444,11.841297099111571,71.26689732663952
2024-01-30 04:00:00,40.608161132534896,9.874477737212052,72.33295971652228
2024-01-30 05:00:00,38.52477006637119,8.800956243261895,70.41493858394962
2024-01-30 06:00:00,37.391533728070414,7.429697009234352,67.63249165749414
2024-01-30 07:00:00,38.04752312256939,8.171487186259402,68.81715636806638
2024-01-30 08:00:00,39.84079204052056,8.072072546045511,71.04446549267256
2024-01-30 09:00:00,41.23519661891854,12.158752445304424,71.6727918925395
2024-01-30 10:00:00,41.169348160085256,12.305153961855574,70.31087054240734
2024-01-30 11:00:00,39.904577309276256,9.55876524978636,70.98975350543658
2024-01-30 12:00:00,38.62846014900658,9.730735758789738,68.75055320500138
2024-01-30 13:00:00,38.28043027605532,6.719511030572945,69.26364415459616
2024-01-30 14:00:00,38.762015840409425,7.8054639135456805,70.38712980502349
2024-01-30 15:00:00,39.23687878803653,8.927571099176228,69.88176577400182
2024-01-30 16:00:00,39.11301245843871,10.71839486740885,68.35675072520655
2024-01-30 17:00:00,38.6553092692096,8.225717074360361,69.45541251705377
2024-01-30 18:00:00,38.62142673982036,7.778246738063547,67.63535133531798
2024-01-30 19:00:00,39.3580111859065,9.570709134135493,67.58356425042568
2024-01-30 20:00:00,40.35467459829309,12.869678359499632,73.01818677594389
2024-01-30 21:00:00,40.75869821109764,7.415171153372474,69.25274567067854
2024-01-30 22:00:00,40.322347998202225,11.025236502285768,69.64870824451887
2024-01-30 23:00:00,39.76155564645742,8.62911857098653,69.68514621563325
2024-01-31 00:00:00,40.07996863154411,9.71482656156735,70.75835819540691
2024-01-31 01:00:00,41.48948117962633,13.573524790817656,72.05416793162058
2024-01-31 02:00:00,43.03503483940103,13.99551914274087,72.83016214830467
2024-01-31 03:00:00,43.38679180369801,14.917476705568134,74.05537859462551
2024-01-31 04:00:00,42.10439051502119,12.475728474952195,73.51801296284702
2024-01-31 05:00:00,40.156732321730026,11.554265761669056,68.75132411894629
2024-01-31 06:00:00,39.144832653837746,9.839976429260707,68.90599297052798
2024-01-31 07:00:00,39.906765236131974,11.26417022496774,68.76647564189486
2024-01-31 08:00:00,41.789683773626685,13.429101116693213,73.33792814710874
2024-01-31 09:00:00,43.25665107896535,13.686382090261047,74.0517451110389
2024-01-31 10:00:00,43.24560074531904,14.22961574516246,72.78124006698896
2024-01-31 11:00:00,42.01730935832233,13.225399132779044,72.6452435757869
2024-01-31 12:00:00,40.75892970566057,10.317416946649224,69.3605982675877
2024-01-31 13:00:00,40.409608959998714,9.69055076856849,71.47511194613827
2024-01-31 14:00:00,40.87073073004089,9.639944116267694,71.35504840807722
2024-01-31 15:00:00,41.30595815064243,10.389693667804288,70.60287279273783
2024-01-31 16:00:00,41.12343410088495,11.594814956185852,72.53296071536043
2024-01-31 17:00:00,40.58835023783434,10.682983198928346,70.34041549738635
2024-01-31 18:00:00,40.45881303968599,10.784226492918334,69.28863884801474
2024-01-31 19:00:00,41.082066208717414,10.04160828757417,70.71293670125908
2024-01-31 20:00:00,41.94846489555514,10.47600171660034,71.1359635108725
2024-01-31 21:00:00,42.206175275926284,13.18031912283713,71.12390527135099
2024-01-31 22:00:00,41.60848473052995,12.339353081503535,69.85171233746314
2024-01-31 23:00:00,40.8724762109276,10.394177100513385,70.64165641044481
2024-02-01 00:00:00,41.00307046206403,8.702531173354764,72.30798837670868
2024-02-01 01:00:00,42.2135479434841,12.442360438445402,73.78556095932372
2024-02-01 02:00:00,43.55033924752005,10.832110010946067,74.12456773051537
2024-02-01 03:00:00,43.685187236007124,14.2584850662654,73.17121254912685
2024-02-01 04:00:00,42.17939052856585,10.976141573150356,73.54921338776873
2024-02-01 05:00:00,40.00357721171707,9.755990832706392,70.38780846078298
2024-02-01 06:00:00,38.76054235807935,10.383301085526982,71.31596143095393
2024-02-01 07:00:00,39.29017799231986,8.977245717296315,70.35914362395012
2024-02-01 08:00:00,40.941480073974716,9.778876121674342,70.22268956879786
2024-02-01 09:00:00,42.17936260039267,12.55046756323318,72.51270785511785
2024-02-01 10:00:00,41.94360407508949,12.23354442407016,73.5473318627234
2024-02-01 11:00:00,40.496804477484574,9.818450488312688,71.01695675208077
2024-02-01 12:00:00,39.02790333681306,9.905804800574575,71.1087567024517
2024-02-01 13:00:00,38.47778303049306,5.1790338497524235,67.30939027227983
2024-02-01 14:00:00,38.74949634164636,8.036277652239663,69.01096870103936
2024-02-01 15:00:00,39.00829558706388,9.054237331302543,68.29614815164953
2024-02-01 16:00:00,38.66381953558495,10.847650292601433,69.18994832479575
2024-02-01 17:00:00,37.9826499286369,7.90633931991541,70.88247099949393
2024-02-01 18:00:00,37.72416593550237,8.446651684865321,68.71912697170355
2024-02-01 19:00:00,38.23675596256595,7.979261342660013,67.07897781377352
2024-02-01 20:00:00,39.01178241856688,8.777626652093897,68.5043309771748
2024-02-01 21:00:00,39.19827303510244,8.648350755539198,68.78871568406622
2024-02-01 22:00:00,38.550224072771535,6.578744846377364,69.70850213413762
2024-02-01 23:00:00,37.7852690589315,8.403398444398423,69.10156156552799
2024-02-02 00:00:00,37.90871677685827,7.729390271780603,68.16757979072912
2024-02-02 01:00:00,39.134070383819186,11.146032026712644,68.510127137589
2024-02-02 02:00:00,40.507816476419414,9.77288030802381,72.07664335531223
2024-02-02 03:00:00,40.701587330779155,10.705761325681655,68.94299612987876
2024-02-02 04:00:00,39.27640594149114,10.552427568996093,70.37281751607253
2024-02-02 05:00:00,37.20246270668378,7.286697518903898,67.457612485033
2024-02-02 06:00:00,36.08195730612783,5.872119119529866,66.91498722332305
2024-02-02 07:00:00,36.7540343692345,8.083001772701893,66.18277976003677
2024-02-02 08:00:00,38.56679742045429,10.043454441258378,70.43596895585426
2024-02-02 09:00:00,39.984131144222836,11.149541148273372,69.93397831895376
2024-02-02 10:00:00,39.94465712102936,7.0324282011691155,69.1897867021395
2024-02-02 11:00:00,38.70970106946516,6.623061426287259,68.77479871897859
2024-02-02 12:00:00,37.466822093724716,5.135098080082795,67.93743921911965
2024-02-02 13:00:00,37.15542793669848,7.960437460385969,68.32750703986383
2024-02-02 14:00:00,37.67701515385536,5.884720815642114,68.46552068129759
2024-02-02 15:00:00,38.195211389758,6.91293951484679,66.87783249187922
2024-02-02 16:00:00,38.117975845746095,7.40865513429512,69.01290353438472
2024-02-02 17:00:00,37.710169616354,7.710208219260185,70.95299002011232
2024-02-02 18:00:00,37.729424092377535,7.005423690565332,68.56832041551645
2024-02-02 19:00:00,38.52236671449521,6.389938425409636,67.70531148645543
2024-02-02 20:00:00,39.578599548076134,9.040754048294552,69.91557005307992
2024-02-02 21:00:00,40.04540414897892,8.447304273127411,71.01157013705175
2024-02-02 22:00:00,39.675057926193084,10.807887236494677,69.6228185293797
2024-02-02 23:00:00,39.18351553077393,9.90785654801643,68.89228158791572
2024-02-03 00:00:00,39.57445887853483,9.22820090939031,69.20280733084567
2024-02-03 01:00:00,41.0598275832906,10.55763822587407,70.65341654202284
2024-02-03 02:00:00,42.68461852601074,10.906274723030885,71.87594250624268
2024-02-03 03:00:00,43.11905770543714,13.751520537391452,76.01888768897105
2024-02-03 04:00:00,41.922853922584174,9.53615837721817,71.83047681036888
2024-02-03 05:00:00,40.064983087814106,10.384702803663739,70.90579802608676
2024-02-03 06:00:00,39.146536652226004,9.988685674825911,70.55090205631835
2024-02-03 07:00:00,40.00566271707723,11.37443400501434,70.02775775577899
2024-02-03 08:00:00,41.989584302976596,11.494689359174014,71.48333484927264
2024-02-03 09:00:00,43.56142479754275,14.75946698865672,76.09101886575569
2024-02-03 10:00:00,43.65916574172354,14.476530364166708,75.17577509549078
2024-02-03 11:00:00,42.543615007664265,12.633757237850238,74.73137770904282
2024-02-03 12:00:00,41.40193589221464,12.654773369454139,72.07792316197492
2024-02-03 13:00:00,41.17326116729057,11.343451781923958,71.29621858124655
2024-02-03 14:00:00,41.758931050842726,11.906565046006945,72.45268547353872
2024-02-03 15:00:00,42.32253234028347,11.549850043565549,71.97801780277942
2024-02-03 16:00:00,42.27209486505839,11.266099717399221,70.57867116566499
2024-02-03 17:00:00,41.8726570125781,14.145127420495736,71.80185762438516
2024-02-03 18:00:00,41.882128606952506,11.738111105554713,75.18556652259416
2024-02-03 19:00:00,42.64751051518773,13.981334425330287,72.09658175810924
2024-02-03 20:00:00,43.658866541787695,13.507087441210183,74.46171739979631
2024-02-03 21:00:00,44.06402117885669,14.598640053159231,74.19228087809304
2024-02-03 22:00:00,43.61586851621041,12.308312640902631,72.51564597124602
2024-02-03 23:00:00,43.031045936356875,14.998611350096208,75.18631554743689
2024-02-04 00:00:00,43.31397630249647,13.733739925473472,74.52280037750303
2024-02-04 01:00:00,44.677390509563985,15.306998610484326,75.46982594658124
2024-02-04 02:00:00,46.16711921823116,17.554691454682953,76.90663652858198
2024-02-04 03:00:00,46.454257002745706,16.47560104242687,78.46640909763525
2024-02-04 04:00:00,45.09940855159123,15.664666779221008,75.00122606356477
2024-02-04 05:00:00,43.0724657831005,12.497132113033063,73.49585723335791
2024-02-04 06:00:00,41.97544944835249,12.769571337348358,71.8733063234592
2024-02-04 07:00:00,42.64744383711817,10.067595271014314,72.54580474519886
2024-02-04 08:00:00,44.436609120683165,14.42414741030282,74.82330760871834
2024-02-04 09:00:00,45.807001394824155,14.13112404251185,74.68820791538958
2024-02-04 10:00:00,45.69752561657174,13.594246022340672,78.2160189543229
2024-02-04 11:00:00,44.36989951402488,13.832510460321355,75.78303875928216
2024-02-04 12:00:00,43.012179006193115,12.847764520127892,72.68982843203383
2024-02-04 13:00:00,42.564369181231434,12.3995524373193,72.24765332271362
2024-02-04 14:00:00,42.92865979084124,13.126166175482462,73.56451792294078
2024-02-04 15:00:00,43.269462489591994,13.685496151640756,71.85146245284244
2024-02-04 16:00:00,42.99560595329711,12.495235840899532,73.93154005617495
2024-02-04 17:00:00,42.372900598648314,12.647448866018046,71.21110734834487
2024-02-04 18:00:00,42.16000114593464,11.248810648761042,70.59506126381241
2024-02-04 19:00:00,42.70462635292143,12.602821031195793,73.60773786468158
2024-02-04 20:00:00,43.49753142946253,13.899777296345041,73.78095513565499
2024-02-04 21:00:00,43.687206642475196,13.147494101454283,73.72556501826412
2024-02-04 22:00:00,43.02718735479948,12.496346564678865,73.4293838326413
2024-02-04 23:00:00,42.23472905876392,12.796429929996291,69.3300850990458
2024-02-05 00:00:00,42.31485104550675,11.52705572478089,72.53174423051273
2024-02-05 01:00:00,43.480860513860655,13.119075930865112,74.73256796308148
2024-02-05 02:00:00,44.77914586966143,12.248577039126529,73.40424049519743
2024-02-05 03:00:00,44.881342383409965,14.991247707297594,75.56190429378192
2024-02-05 04:00:00,43.34857977822374,13.353242151848852,74.75716361114343
2024-02-05 05:00:00,41.15126055321682,10.427412023383981,72.53229065605865
2024-02-05 06:00:00,39.891902557838186,9.185133034076657,68.83060882644111
2024-02-05 07:00:00,40.41007437953935,10.639435269987233,71.42758369933001
2024-02-05 08:00:00,42.0544080442798,10.860504559721536,70.37000288954826
2024-02-05 09:00:00,43.28941903938386,13.91171846694627,72.56426652567195
2024-02-05 10:00:00,43.054458839002486,14.940846476952746,73.51095916882264
2024-02-05 11:00:00,41.611677979883105,12.905331538704964,73.7786726921466
2024-02-05 12:00:00,40.14955021530061,8.668263843206109,71.32670476264346
2024-02-05 13:00:00,39.60848178981386,9.846309185503662,68.54126339400801
2024-02-05 14:00:00,39.89104479731545,11.255282724774748,69.0637669319833
2024-02-05 15:00:00,40.16201186599942,9.31367992466185,69.81491884775166
2024-02-05 16:00:00,39.83054832504369,8.834673279967113,69.50525658853306
2024-02-05 17:00:00,39.16277360805037,10.354596052593076,69.78854667870088
2024-02-05 18:00:00,38.91762017372271,7.619642094103222,68.94991386769232
2024-02-05 19:00:00,39.44304931959302,9.770817126609495,70.04100780936513
2024-02-05 20:00:00,40.23001945260998,9.785845751970314,69.6885052904015
2024-02-05 21:00:00,40.427180387682185,10.285766259345934,72.68868812939313
2024-02-05 22:00:00,39.788178983884755,9.107208154747056,69.41978675822847
2024-02-05 23:00:00,39.03032975096308,8.324295919481886,71.14443916051887
2024-02-06 00:00:00,39.15865414244074,8.804139813185278,69.37726947948892
2024-02-06 01:00:00,40.386400416400946,12.13833487287555,70.52938547564368
2024-02-06 02:00:00,41.75983289570849,11.20784110437556,69.48644267524972
2024-02-06 03:00:00,41.95039387353567,11.09953426199062,71.21274994559411
2024-02-06 04:00:00,40.51894781745586,9.079168079332224,69.8197693751429
2024-02-06 05:00:00,38.4355567529755,8.778637330234277,67.22322536681595
2024-02-06 06:00:00,37.30232041638233,7.708065499106966,66.50490733066206
2024-02-06 07:00:00,37.95830981256512,7.357422062041116,67.67539234759434
2024-02-06 08:00:00,39.75157873220797,10.816319784817132,69.71608788441662
2024-02-06 09:00:00,41.14598331228048,11.821201363309564,72.08886762664737
2024-02-06 10:00:00,41.080134855113286,11.351206138198464,71.27249505090285
2024-02-06 11:00:00,39.81536400609186,11.986607686998628,69.4230397186876
2024-02-06 12:00:00,38.539246847379346,6.362060461656042,68.89391127694773
2024-02-06 13:00:00,38.19121697616186,7.24922366206917,68.10163443165436
2024-02-06 14:00:00,38.67280254216001,6.017389851250042,67.94132386216342
2024-02-06 15:00:00,39.147665491476154,10.475571192457958,69.02844236354746
2024-02-06 16:00:00,39.02379916356282,11.665802784012074,70.3419429284198
2024-02-06 17:00:00,38.56609597600443,7.514697474856234,68.56237124035293
2024-02-06 18:00:00,38.53221344827828,8.86661125957904,68.29318840120239
2024-02-06 19:00:00,39.26879789605726,8.467621273484296,68.76668419644098
2024-02-06 20:00:00,40.26546131024035,11.056589449146937,68.6708407386967
2024-02-06 21:00:00,40.66948492484671,10.53148447606689,71.91407819286819
2024-02-06 22:00:00,40.233134713806486,10.56851917391647,70.18149479853865
2024-02-06 23:00:00,39.67234236379867,10.177988492985602,69.06660905438092
2024-02-07 00:00:00,39.9907553507302,9.716900624568982,72.16289796969531
2024-02-07 01:00:00,41.400267900568636,10.622302791133295,69.67730340903515
2024-02-07 02:00:00,42.94582156218302,13.3170021090402,70.99582664450887
2024-02-07 03:00:00,43.29757852826632,11.70097203848255,70.83020365034932
2024-02-07 04:00:00,42.01517724138135,12.285105943062495,73.7517223213587
2024-02-07 05:00:00,40.067519049897356,8.959873319663382,69.34172497117298
2024-02-07 06:00:00,39.05561938383053,9.114047197790097,69.2577635681959
2024-02-07 07:00:00,39.817551967936716,9.837210024452688,69.91387048366133
2024-02-07 08:00:00,41.70047050724178,11.259614466945724,68.05538837037167
2024-02-07 09:00:00,43.16743781437708,13.928861268349715,75.46511939936103
2024-02-07 10:00:00,43.15638748251896,13.47715732101471,74.31256848271875
2024-02-07 11:00:00,41.928096097340855,10.323919535579458,71.7609673382888
2024-02-07 12:00:00,40.66971644644939,12.140642255063767,69.66821309013844
2024-02-07 13:00:00,40.320395702641164,10.068543810085425,69.27070869708362
2024-02-07 14:00:00,40.78151747444921,11.545098950092733,71.09302624895392
2024-02-07 15:00:00,41.21674489686327,10.933550513470665,70.3992252184112
2024-02-07 16:00:00,41.034220848913165,9.408906497710841,70.57356163599418
2024-02-07 17:00:00,40.49913698351201,10.82054128097877,70.52864211247332
2024-02-07 18:00:00,40.369599782997604,10.47864454144622,71.62784545582589
2024-02-07 19:00:00,40.992852949684774,12.460050921961498,69.90778718646078
2024-02-07 20:00:00,41.859251634167876,13.385405839095561,70.0451227421952
2024-02-07 21:00:00,42.11696201218933,12.189557630105268,71.69357010475521
2024-02-07 22:00:00,41.519271464451094,11.115955812331457,71.86317687245541
2024-02-07 23:00:00,40.78326294251242,10.37214014416966,71.90951889999909
2024-02-08 00:00:00,40.91385719131095,10.807585617314551,71.3764849015425
2024-02-08 01:00:00,42.12433467033811,13.255236032984731,72.00080884449044
2024-02-08 02:00:00,43.46112597206903,12.981250990499507,74.62894640346506
2024-02-08 03:00:00,43.59597395823513,13.460552302354573,74.12171843660924
2024-02-08 04:00:00,42.090177248382,12.220304883321907,73.00646498312008
2024-02-08 05:00:00,39.9143639291889,10.560430446732733,70.00511918442028
2024-02-08 06:00:00,38.671329073217834,8.40949841052959,69.10743234317549
2024-02-08 07:00:00,39.2009647050402,10.317836645995243,68.93844529202163
2024-02-08 08:00:00,40.85226678438873,10.743423431240432,71.86254281413918
2024-02-08 09:00:00,42.09014930808143,11.704906844403192,69.7476617933813
2024-02-08 10:00:00,41.85439077998246,11.325485963707028,73.60818519679155
2024-02-08 11:00:00,40.40759117960074,10.720263157130383,70.33430493226606
2024-02-08 12:00:00,38.9386900361539,9.43502763262505,69.5262592804755
2024-02-08 13:00:00,38.38856972706831,7.241342500154632,71.30285458326424
2024-02-08 14:00:00,38.66028303546056,7.608548022941242,68.20639879986643
2024-02-08 15:00:00,38.919082278086606,7.092676037720214,70.07887457582632
2024-02-08 16:00:00,38.57460622386862,7.281035751434614,67.35315312064581
2024-02-08 17:00:00,37.893436614147284,8.580071178985447,71.5221934136171
2024-02-08 18:00:00,37.63495261823534,9.205861578666557,67.32412771786956
2024-02-08 19:00:00,38.147542642519554,7.23981176394329,68.51923108948706
2024-02-08 20:00:00,38.9225690957986,6.325886521424575,68.4278611577097
2024-02-08 21:00:00,39.109059709506106,9.367479725563319,70.43751932969342
2024-02-08 22:00:00,38.46101074442204,8.864195914102712,68.48262876320291
2024-02-08 23:00:00,37.69605572781874,7.769631437851457,66.20597596320776
2024-02-09 00:00:00,37.81950344298367,8.370733260672399,67.02999791005603
2024-02-09 01:00:00,39.044857047173245,8.606558352035947,68.40031689122182
2024-02-09 02:00:00,40.41860313698478,10.579056842515925,69.89608951097543
2024-02-09 03:00:00,40.61237398858668,8.8548219433725,70.87464519333945
2024-02-09 04:00:00,39.18719259648635,9.251942810169028,68.92520883405523
2024-02-09 05:00:00,37.1132493589103,8.847342558054248,66.79455700516289
2024-02-09 06:00:00,35.99274395698704,5.818957290175954,66.98996473912241
2024-02-09 07:00:00,36.664821018728446,7.464967624619243,68.0675329238835
2024-02-09 08:00:00,38.47758406839859,8.213483863778196,68.81013246673913
2024-02-09 09:00:00,39.8949177909539,9.514893577042564,69.16167953136117
2024-02-09 10:00:00,39.85544376634943,8.340267748597903,67.2925788602356
2024-02-09 11:00:00,38.620487713398774,9.300699091888646,69.95493684552264
2024-02-09 12:00:00,37.37760873633513,6.933139245851742,69.20253155675641
2024-02-09 13:00:00,37.06621457787397,3.6404505779500633,66.5550744173408
2024-02-09 14:00:00,37.587801793659125,6.871160972722738,66.66528082911753
2024-02-09 15:00:00,38.105998028156236,7.939772647205317,69.0821544086169
2024-02-09 16:00:00,38.02876248279791,7.572491410137592,67.12497233993146
2024-02-09 17:00:00,37.6209562520235,7.650511833439321,66.84588284785512
2024-02-09 18:00:00,37.640210726658786,9.044058248494576,67.12923520230937
2024-02-09 19:00:00,38.43315334738618,7.705149635200729,70.01403186933902
2024-02-09 20:00:00,39.48938617963083,9.267156504983522,69.13173871085726
2024-02-09 21:00:00,39.95619077909725,12.065377403950857,72.36468818914382
2024-02-09 22:00:00,39.58584455494549,10.185321104892672,69.13062093643818
2024-02-09 23:00:00,39.09430215814599,6.88248217718868,69.15285966151717
2024-02-10 00:00:00,39.485245504534944,10.653620167406132,70.78901304425172
2024-02-10 01:00:00,40.970614207909264,7.15580857430945,72.96627422662483
2024-02-10 02:00:00,42.595405149235425,12.40336896156793,73.16739212117348
2024-02-10 03:00:00,43.02984432729291,13.114909857596663,71.67073327226565
2024-02-10 04:00:00,41.833640543016664,12.494503785053915,74.55390125232377
2024-02-10 05:00:00,39.975769706866856,9.723522318953588,71.39289624991616
2024-02-10 06:00:00,39.0573232699112,9.78487227091372,67.45424995713522
2024-02-10 07:00:00,39.91644933339692,11.272321382985401,70.13198627906563
2024-02-10 08:00:00,41.90037091784803,12.156017221847764,71.78361701968159
2024-02-10 09:00:00,43.47221141107914,15.172116826607352,74.0886341304807
2024-02-10 10:00:00,43.56995235385251,12.986493811958223,74.94153105194792
2024-02-10 11:00:00,42.45440161842706,12.207817224498624,71.94410728880295
2024-02-10 12:00:00,41.31272250159114,10.815137261974465,71.32721822150226
2024-02-10 13:00:00,41.084047775290465,8.684837056275796,69.90886766604291
2024-02-10 14:00:00,41.669717657472,13.212657834764391,72.93675294028525
2024-02-10 15:00:00,42.23331894551028,11.061858650783359,71.28347466105832
2024-02-10 16:00:00,42.18288146893516,14.028778474756049,70.80122252657075
2024-02-10 17:00:00,41.78344361506999,10.799663294908292,71.27727032120751
2024-02-10 18:00:00,41.79291520805638,13.077054613319737,71.97667036261385
2024-02-10 19:00:00,42.55829711483878,13.354434932453627,73.76546414387967
2024-02-10 20:00:00,43.56965313997395,13.109204540378807,73.32265168326965
2024-02-10 21:00:00,43.97480777560823,14.48159380857977,73.52598331919599
2024-02-10 22:00:00,43.526655111538155,12.692010925395863,73.79333331541916
2024-02-10 23:00:00,42.94183253023717,14.966562343688404,73.02822956732142
2024-02-11 00:00:00,43.224762894889686,13.239735052314497,76.0642084367378
2024-02-11 01:00:00,44.58817710056603,15.387506521472512,73.45810827474727
2024-02-11 02:00:00,46.077905807777476,15.912822156201592,76.5661105800723
2024-02-11 03:00:00,46.36504359083063,17.656880722645603,76.14289488754955
2024-02-11 04:00:00,45.010195138344855,13.24006249560494,75.40841878225764
2024-02-11 05:00:00,42.98325236833522,12.456257160616483,72.7831031132125
2024-02-11 06:00:00,41.88623603210929,11.176187615869672,72.02581225737698
2024-02-11 07:00:00,42.55823041941747,10.450147664600404,73.05607397683855
2024-02-11 08:00:00,44.34739570157492,14.172342591320346,74.38806113768494
2024-02-11 09:00:00,45.717787974264716,15.15929013932849,74.33373632090772
2024-02-11 10:00:00,45.60831219455268,15.654789935300398,74.75185690700508
2024-02-11 11:00:00,44.28068609054791,13.804817466258104,72.05490704447804
2024-02-11 12:00:00,42.92296558132112,11.60131789066784,72.61008538481533
2024-02-11 13:00:00,42.47515575486679,11.62570426756594,75.13795033734256
2024-02-11 14:00:00,42.83944636304304,12.312000867450168,73.17698851274831
2024-02-11 15:00:00,43.18024906035783,13.64434252605188,73.81847983002434
2024-02-11 16:00:00,42.906392522621815,13.122109330512737,73.80683928746946
2024-02-11 17:00:00,42.2836871664893,13.219166237358401,73.49841149160014
2024-02-11 18:00:00,42.0707877123734,9.898453073206172,72.61245112263535
2024-02-11 19:00:00,42.61541291793704,11.351203818152717,73.37888290903973
2024-02-11 20:00:00,43.40831799298395,11.902464348517952,75.56406843800812
2024-02-11 21:00:00,43.59799320455045,13.356484766181142,73.17400179807372
2024-02-11 22:00:00,42.937973915436345,12.950066357067758,74.36983894590401
2024-02-11 23:00:00,42.14551561796799,12.689489049554407,70.23815340264859
2024-02-12 00:00:00,42.225637603220505,13.15322757350418,73.62540477617479
2024-02-12 01:00:00,43.3916470701866,13.793808453700628,74.64824714979517
2024-02-12 02:00:00,44.68993242453339,16.204152506961698,74.8388038815363
2024-02-12 03:00:00,44.79212893682053,15.7650576971794,75.99942016687072
2024-02-12 04:00:00,43.259366330178445,14.793256094065834,74.72561876535538
2024-02-12 05:00:00,41.062047103790555,10.706906431963143,70.9621591923189
2024-02-12 06:00:00,39.80268910692061,7.700656166722492,71.93999650457951
2024-02-12 07:00:00,40.32086092830583,8.51569725330547,68.78870425824324
2024-02-12 08:00:00,41.96519459278398,12.015740134524082,71.69402697938577
2024-02-12 09:00:00,43.20020558752787,14.689030172432973,73.75227829998288
2024-02-12 10:00:00,42.965245386883296,11.667583550772985,75.47205631200039
2024-02-12 11:00:00,41.52246452744929,12.72683352089462,73.62568911446562
2024-02-12 12:00:00,40.060336762616,9.485867663557586,71.198715955618
2024-02-12 13:00:00,39.51926833673878,10.829888651390663,72.19819508011007
2024-02-12 14:00:00,39.801831343991246,10.25820304610933,72.5206812574247
2024-02-12 15:00:00,40.072798412382994,8.406645291896012,71.9308429017338
2024-02-12 16:00:00,39.74133487112991,9.150347171748669,69.90297710387172
2024-02-12 17:00:00,39.073560153788186,10.462946711550192,67.77581157762786
2024-02-12 18:00:00,38.828406719198185,8.777768396646906,69.80707871065266
2024-02-12 19:00:00,39.35383586479189,10.76244046953803,70.45916209589043
2024-02-12 20:00:00,40.14080599746851,7.153942923631655,70.8557824092955
2024-02-12 21:00:00,40.33796693223827,11.015001164842998,69.90122216235788
2024-02-12 22:00:00,39.69896552814617,10.5991630492632,70.1138804664666
2024-02-12 23:00:00,38.94111629493545,8.37272954945416,68.5900793285808
2024-02-13 00:00:00,39.069440686069925,6.900907073676022,70.7879942595472
2024-02-13 01:00:00,40.29718695978262,7.084197525811984,70.25003099085393
2024-02-13 02:00:00,41.670619438782836,9.959584302641087,73.53014661056879
2024-02-13 03:00:00,41.86118041629143,12.188192080270861,72.15714681003908
2024-02-13 04:00:00,40.42973435989862,8.677631905466974,70.12273448751131
2024-02-13 05:00:00,38.34634329516691,8.913624152545559,67.79992922849812
2024-02-13 06:00:00,37.21310695823946,7.23706204092947,68.5406080598126
2024-02-13 07:00:00,37.869096354109246,8.612165297026317,69.01408328277348
2024-02-13 08:00:00,39.66236527348579,10.862841573494093,69.4966298359167
2024-02-13 09:00:00,41.056769853251154,13.535072505048133,71.92985465893904
2024-02-13 10:00:00,40.99092139576837,10.44741546750907,69.88056337209909
2024-02-13 11:00:00,39.72615054643307,9.586955106755822,70.94299577777856
2024-02-13 12:00:00,38.45003338747108,8.058862877376024,65.97108308909436
2024-02-13 13:00:00,38.10200351590344,9.2440955222474,67.87685632795394
2024-02-13 14:00:00,38.583589081575916,9.79065728016703,68.58816710585747
2024-02-13 15:00:00,39.05845203063513,8.411839531846798,71.51101272189216
2024-02-13 16:00:00,38.9345857024245,8.289140685520401,69.0608117170431
2024-02-13 17:00:00,38.476882514563336,9.262528853462427,67.37570778580206
2024-02-13 18:00:00,38.442999986511694,7.989439974922203,70.05368620586317
2024-02-13 19:00:00,39.179584434029856,9.26778774051797,69.0815756268474
2024-02-13 20:00:00,40.17624784775268,12.344050859930036,71.55977593794447
2024-02-13 21:00:00,40.5802714619797,9.721577936099937,69.53538810542582
2024-02-13 22:00:00,40.14392125047675,11.577533405704177,67.48157579098638
2024-02-13 23:00:00,39.58312890005843,10.046775170618638,69.03051821854451
2024-02-14 00:00:00,39.90154188657694,8.958220145959467,70.74982359877022
2024-02-14 01:00:00,41.31105443599287,12.001514499639928,71.16639653061743
2024-02-14 02:00:00,42.856608097160084,12.66039063764826,73.92609295458651
2024-02-14 03:00:00,43.208365062816,13.98088873588873,73.3186234539804
2024-02-14 04:00:00,41.92596377554897,10.230652299760807,72.75224858162944
2024-02-14 05:00:00,39.9783055835914,10.514559039518721,69.19821061304764
2024-02-14 06:00:00,38.96640591711571,8.647892665119253,67.11304004031847
2024-02-14 07:00:00,39.728338500815056,10.501586244353302,69.29258573642576
2024-02-14 08:00:00,41.61125703970217,9.97261314979714,70.5725561578211
2024-02-14 09:00:00,43.07822434635956,12.400401114947677,73.33591746748456
2024-02-14 10:00:00,43.06717401411116,13.076205246777961,74.67046815681896
2024-02-14 11:00:00,41.83888262849285,11.757597495987556,71.86092665730307
2024-02-14 12:00:00,40.580502977174746,11.002503412101712,72.16919731228636
2024-02-14 13:00:00,40.23118223294962,11.262765440407469,71.20268442155
2024-02-14 14:00:00,40.69230400435773,9.415846816393474,70.91617198512701
2024-02-14 15:00:00,41.127531426346785,10.558958187306768,70.90936798675254
2024-02-14 16:00:00,40.9450073779213,10.837637400957737,69.04791670669319
2024-02-14 17:00:00,40.40992351214965,10.20523137190359,70.87713197831646
2024-02-14 18:00:00,40.28038631120538,8.459784600945857,70.73693628230886
2024-02-14 19:00:00,40.90363947746072,10.620539890015417,69.4556497498829
2024-02-14 20:00:00,41.77003816151329,12.859809189897517,69.5172321937052
2024-02-14 21:00:00,42.02774853915577,10.682802746109559,73.22233733223548
2024-02-14 22:00:00,41.430057990953884,11.450064674584324,72.07283120105087
2024-02-14 23:00:00,40.69404946862314,11.764454278423388,70.46524875965274
2024-02-15 00:00:00,40.82464371698908,9.21799926978652,72.07583483283585
2024-02-15 01:00:00,42.03512119559354,10.852634642433522,73.612211389321
2024-02-15 02:00:00,43.37191249687956,12.688914638530372,72.48120036261817
2024-02-15 03:00:00,43.50676048261579,11.509500983521034,73.43777165687402
2024-02-15 04:00:00,42.00096377238342,11.460936582142077,73.83518733112577
2024-02-15 05:00:00,39.825150452712464,9.541194786181691,70.93490371862873
2024-02-15 06:00:00,38.58211559633243,7.962127896144293,67.14448911899571
2024-02-15 07:00:00,39.11175122774789,6.769142368216338,69.55560296635407
2024-02-15 08:00:00,40.76305330668023,11.014340381752453,71.61699343041765
2024-02-15 09:00:00,42.000935830322014,13.493904423892424,71.61521387298852
2024-02-15 10:00:00,41.76517730232037,14.437779748052705,70.51527280605028
2024-02-15 11:00:00,40.318377701858175,9.692735345510252,70.3724252718545
2024-02-15 12:00:00,38.84947655840759,9.130116958577359,69.854288328485
2024-02-15 13:00:00,38.29935624932797,6.821823709993227,68.90826676848545
2024-02-15 14:00:00,38.57106955774535,7.923596181020998,67.5625573320891
2024-02-15 15:00:00,38.829868800367265,7.443280381155362,66.74590047958444
2024-02-15 16:00:00,38.48539274610022,8.220153811918513,72.18268570013949
2024-02-15 17:00:00,37.804223136429755,8.238663821336557,70.096617434565
2024-02-15 18:00:00,37.54573914051182,8.364806030138542,69.05462273681765
2024-02-15 19:00:00,38.0583291647881,7.533534838342361,68.62626046235145
2024-02-15 20:00:00,38.833355618069625,7.725781209476407,67.84332492180572
2024-02-15 21:00:00,39.01984623182252,9.424974223318765,69.74348250770582
2024-02-15 22:00:00,38.37179726669736,7.778013143870508,68.038637492879
2024-02-15 23:00:00,37.60684225009751,5.870434380005835,68.97650055519428
2024-02-16 00:00:00,37.73028996527317,7.518591222119834,68.76594938053431
2024-02-16 01:00:00,38.955643569463994,9.788358144521272,70.18385308760828
2024-02-16 02:00:00,40.32938965925334,9.435341433840238,70.39145085031731
2024-02-16 03:00:00,40.52316051085018,11.566973054803224,70.0453742201443
2024-02-16 04:00:00,39.09797911879259,6.93525698572302,71.96076809099809
2024-02-16 05:00:00,37.024035881165545,6.754885335752558,67.42372391173011
2024-02-16 06:00:00,35.903530479257185,4.653950212192905,66.15713682061173
2024-02-16 07:00:00,36.57560754101554,6.6016325751213065,68.47259808987884
2024-02-16 08:00:00,38.388370590694535,6.459101291516401,66.69399228959833
2024-02-16 09:00:00,39.80570431319491,10.713836989693053,68.92142842776113
2024-02-16 10:00:00,39.766230288625096,9.53599200925247,69.18308481869101
2024-02-16 11:00:00,38.531274235690546,9.150619058425283,68.1187815187997
2024-02-16 12:00:00,37.288395258594626,7.1428106387631916,66.60814878826453
2024-02-16 13:00:00,36.97700110013968,7.109491343120562,65.66301071684349
2024-02-16 14:00:00,37.498588315935514,7.701880917627953,65.48941923255228
2024-02-16 15:00:00,38.016784550424575,6.894359856716466,66.90140546101753
2024-02-16 16:00:00,37.93954900503113,8.957100328275832,67.7305469707086
2024-02-16 17:00:00,37.531742774311006,5.382265225476945,68.06966015024877
2024-02-16 18:00:00,37.550997248925775,8.900070272010026,67.27503906188394
2024-02-16 19:00:00,38.34393986960079,8.016593532846601,71.33117152216015
2024-02-16 20:00:00,39.40017270189645,10.228809164820275,68.33562822240276
2024-02-16 21:00:00,39.866977301361686,9.035915395073111,70.50819169541033
2024-02-16 22:00:00,39.49663107721653,9.058600220556974,70.20160861812978
2024-02-16 23:00:00,39.00508868039769,9.849971326554252,69.75650521689658
2024-02-17 00:00:00,39.39603202682874,9.606999115182349,69.27082403374874
2024-02-17 01:00:00,40.88140073015705,12.699422923300679,71.71087268285889
2024-02-17 02:00:00,42.50619167152015,14.16254178585388,76.37709702880184
2024-02-17 03:00:00,42.940630849560954,14.571892650069547,73.19258506792
2024-02-17 04:00:00,41.74442706527355,12.837232247738381,70.33595243760625
2024-02-17 05:00:00,39.886556229107384,11.509722449416872,71.19316793008916
2024-02-17 06:00:00,38.96810979217759,9.467096026975433,67.22034139312944
2024-02-17 07:00:00,39.8272358556684,9.687274573796222,70.29319874730817
2024-02-17 08:00:00,41.81115744014651,10.978182424299598,73.68478036960317
2024-02-17 09:00:00,43.38299793337145,12.41436162819304,74.01226746444271
2024-02-17 10:00:00,43.480738876130154,15.115076961556651,71.80084238999865
2024-02-17 11:00:00,42.36518814072319,11.995188479262023,72.38720953863894
2024-02-17 12:00:00,41.223509023852046,10.58292345227135,73.46385109873725
2024-02-17 13:00:00,40.99483429760495,11.231216102404185,71.77461946070518
2024-02-17 14:00:00,41.580504179747734,7.21955106189307,73.83895048292835
2024-02-17 15:00:00,42.144105467794624,13.84930454921743,73.60381511648976
2024-02-17 16:00:00,42.09366799122295,13.03751658342704,71.48064292601427
2024-02-17 17:00:00,41.69423013735575,9.9846416990574,70.70657089080058
2024-02-17 18:00:00,41.703701730326436,12.687646546513431,72.67776652504904
2024-02-17 19:00:00,42.46908363711018,11.238808952897624,72.44278100432653
2024-02-17 20:00:00,43.4804396622138,11.206694520777814,72.20518816964788
2024-02-17 21:00:00,43.88559429787127,13.131854882725852,73.47351206622929
2024-02-17 22:00:00,43.43744163380748,13.994202072062745,74.60280877494283
2024-02-17 23:00:00,42.85261905249121,14.58501809740818,73.82472919491462
2024-02-18 00:00:00,43.13554941717759,14.82689707034203,72.04009512207762
2024-02-18 01:00:00,44.49896362281485,14.570265397011816,74.89688524980488
2024-02-18 02:00:00,45.988692330060026,14.990372598407674,74.57073101524135
2024-02-18 03:00:00,46.27583011309631,16.306094663852107,76.19315916956288
2024-02-18 04:00:00,44.920981660594855,13.869459266891687,73.40283691745414
2024-02-18 05:00:00,42.89403889059106,14.374675742356775,70.98852455832993
2024-02-18 06:00:00,41.797022554392285,11.645242675433805,75.77235840683394
2024-02-18 07:00:00,42.46901694170469,11.711417970343383,71.24573086177861
2024-02-18 08:00:00,44.25818222386951,14.393259722374907,76.6216888022905
2024-02-18 09:00:00,45.62857449655302,17.117757862854436,76.4027609685732
2024-02-18 10:00:00,45.51909871682625,15.532418482554197,77.2246975127585
2024-02-18 11:00:00,44.19147261283847,12.67505921071746,74.72742412103256
2024-02-18 12:00:00,42.833752103577844,13.007969951189704,75.14871664570015
2024-02-18 13:00:00,42.38594227717498,10.557001189375962,72.42115323808744
2024-02-18 14:00:00,42.750232885322724,11.19446874219273,74.8842523918442
2024-02-18 15:00:00,43.09103558264712,11.403081253464336,74.0233431726243
2024-02-18 16:00:00,42.817179044915505,13.856581015634534,72.77961933435645
2024-02-18 17:00:00,42.194473688771296,12.564832829734051,72.50774584857776
2024-02-18 18:00:00,41.981574234636454,12.494133119337379,73.5449844305562
2024-02-18 19:00:00,42.526199440204664,11.697031302500594,71.15369115955548
2024-02-18 20:00:00,43.31910451524639,12.540176599209834,74.37360111012447
2024-02-18 21:00:00,43.50877972681143,12.955954031104334,73.7739417784537
2024-02-18 22:00:00,42.848760437703675,12.1630802871664,72.85193451216921
2024-02-18 23:00:00,42.056302140215095,11.497315598239444,73.03855468400185
2024-02-19 00:00:00,42.1364241255101,10.458393425111614,72.43202947232662
2024-02-19 01:00:00,43.302433592429004,14.561516878794283,75.99100816872755
2024-02-19 02:00:00,44.60071894681281,13.453170334771754,72.74943939367938
2024-02-19 03:00:00,44.70291545908325,14.882531091274041,76.7688077405994
2024-02-19 04:00:00,43.17015285242999,13.143776844278706,73.17092481407911
2024-02-19 05:00:00,40.972833626154994,11.1485466664016,70.22036628181853
2024-02-19 06:00:00,39.71347562919797,6.809881722642805,70.07461716276218
2024-02-19 07:00:00,40.23164745059005,9.018585411678792,70.53446634198397
2024-02-19 08:00:00,41.875981115020544,10.956216719670188,73.0724641524139
2024-02-19 09:00:00,43.110992109813495,15.500435833174281,71.87250462286762
2024-02-19 10:00:00,42.87603190915435,12.366868574337927,70.87236733410897
2024-02-19 11:00:00,41.43325104970793,8.09583229641758,69.8622571647507
2024-02-19 12:00:00,39.971123284870814,13.37157477599416,70.41084266501147
2024-02-19 13:00:00,39.430054859059744,10.115255259253255,67.50154334144813
2024-02-19 14:00:00,39.71261786626238,9.925409247052462,69.04448875843245
2024-02-19 15:00:00,39.98358493463287,10.356155523801956,71.06562621737272
2024-02-19 16:00:00,39.6521213934391,9.045141189233135,68.02718644455413
2024-02-19 17:00:00,38.98434667606981,8.606081115327736,67.92325311695137
2024-02-19 18:00:00,38.739193241473814,8.448300122870313,69.63812235210074
2024-02-19 19:00:00,39.26462238705954,8.574663076488072,68.16765963543527
2024-02-19 20:00:00,40.051592519786176,10.906512019741815,72.4924700456165
2024-02-19 21:00:00,40.24875345449933,8.868040127077213,73.19463396615589
2024-02-19 22:00:00,39.609752050426614,9.28247801209003,69.20744352166066
2024-02-19 23:00:00,38.85190281722112,10.063247447986024,68.47803776995974
2024-02-20 00:00:00,38.98022720836525,8.492844289558452,67.30304413678822
2024-02-20 01:00:00,40.2079734820781,13.761294228298514,69.84858163589145
2024-02-20 02:00:00,41.58140596106198,13.618185016695266,72.63541347476244
2024-02-20 03:00:00,41.77196693858628,12.792861380056996,71.86894406838628
2024-02-20 04:00:00,40.34052088215043,9.731604907761618,70.70506377622338
2024-02-20 05:00:00,38.25712981742148,7.20380115131857,67.79945403198958
2024-02-20 06:00:00,37.12389348050896,6.94267603470028,68.47329908312099
2024-02-20 07:00:00,37.77988287639577,6.803631529855551,67.16518869706329
2024-02-20 08:00:00,39.573151795728805,10.20001750673194,71.1837277282994
2024-02-20 09:00:00,40.967556375539374,11.737046716930626,70.25611304506653
2024-02-20 10:00:00,40.90170791803344,11.453531005497089,70.66453561058883
2024-02-20 11:00:00,39.63693706869526,8.894286819639671,70.5535302485025
2024-02-20 12:00:00,38.36081990972962,7.799673052574248,68.02960043024191
2024-02-20 13:00:00,38.012790038168006,6.644390882723676,68.31246229814283
2024-02-20 14:00:00,38.494375603851005,8.593805278409942,66.32219212065206
2024-02-20 15:00:00,38.96923855288911,8.932286796267345,69.45336966108698
2024-02-20 16:00:00,38.84537222471209,7.790444355865246,70.5656706213927
2024-02-20 17:00:00,38.38766903686258,9.206934965754547,66.8427948689598
2024-02-20 18:00:00,38.35378650879159,5.309437767219087,67.55699233887583
2024-02-20 19:00:00,39.09037095630194,11.014346921728535,67.57189370323269
2024-02-20 20:00:00,40.08703437007191,9.953575079651495,69.73358135804874
2024-02-20 21:00:00,40.49105798420945,9.409446049210473,69.30379181182474
2024-02-20 22:00:00,40.05470777274892,11.49296991073935,70.35610360694791
2024-02-20 23:00:00,39.49391542234149,9.122092988345432,71.12368817494982
2024-02-21 00:00:00,39.81232840887052,10.461653046926521,70.3000523035939
2024-02-21 01:00:00,41.22184095817545,9.415887443410336,70.87017482061839
2024-02-21 02:00:00,42.76739461944232,13.6507124817278,73.3693992956721
2024-02-21 03:00:00,43.11915158511034,12.491802013308067,74.04095747813862
2024-02-21 04:00:00,41.836750297803356,12.413279598050718,72.440873126694
2024-02-21 05:00:00,39.88909210584824,9.05307831038811,72.13436916380992
2024-02-21 06:00:00,38.87719243938719,8.171967076032548,68.41587668380019
2024-02-21 07:00:00,39.639125023103226,9.214933830595555,68.99911711823303
2024-02-21 08:00:00,41.52204356193777,9.40291990427922,72.06035815383217
2024-02-21 09:00:00,42.98901086864545,13.118211073455864,73.33216098782604
2024-02-21 10:00:00,42.977960536369956,14.283497992925595,72.73381129862109
2024-02-21 11:00:00,41.749669150755764,11.206224405622024,74.11223034531069
2024-02-21 12:00:00,40.491289499433705,10.484265912963139,71.88869546574867
2024-02-21 13:00:00,40.1419687552143,10.124251476032294,69.09185545122538
2024-02-21 14:00:00,40.60309052663134,10.629784554540338,72.40188651533612
2024-02-21 15:00:00,41.03831794859755,12.0795502985189,70.20614708473337
2024-02-21 16:00:00,40.85579390020709,10.937516626627687,69.63068147036043
2024-02-21 17:00:00,40.32071003443344,10.31260516486573,71.32774318742766
2024-02-21 18:00:00,40.191172833483044,11.125725786854836,68.79701423530456
2024-02-21 19:00:00,40.81442599973026,12.909436337209117,70.09839082297445
2024-02-21 20:00:00,41.680824683830004,11.889393562832396,72.75188096308582
2024-02-21 21:00:00,41.93853506141708,14.134331997672145,72.3412398885582
2024-02-21 22:00:00,41.340844513232895,10.042543274440959,71.76192922970358
2024-02-21 23:00:00,40.60483599090228,9.062756530691493,70.5529855180138
2024-02-22 00:00:00,40.735430239278344,10.840010905331082,69.11854022816739
2024-02-22 01:00:00,41.94590771788349,11.531433271621287,72.19024203745522
2024-02-22 02:00:00,43.28269901909949,11.737265997429834,71.81032313674073
2024-02-22 03:00:00,43.41754700490914,15.091215317071956,71.26605311195713
2024-02-22 04:00:00,41.91175029463403,10.23979322042232,72.93661169144409
2024-02-22 05:00:00,39.73593697501445,9.98652958582701,68.32534668562991
2024-02-22 06:00:00,38.49290211862991,6.395098073617163,68.76988817341618
2024-02-22 07:00:00,39.02253775004489,8.328449772256993,69.88889540976545
2024-02-22 08:00:00,40.67383982897338,10.063059745220487,72.07085436846384
2024-02-22 09:00:00,41.9117223526089,11.63763243108655,71.50003399531215
2024-02-22 10:00:00,41.67596382458304,11.381471307810514,71.49427992413965
2024-02-22 11:00:00,40.229164224117376,11.249504652479503,72.841834740646
2024-02-22 12:00:00,38.760263080719014,9.783403077328684,69.10403262719628
2024-02-22 13:00:00,38.21014277158936,9.09193287060753,69.02967258492609
2024-02-22 14:00:00,38.481856080015525,7.9219683431107555,68.0040730223363
2024-02-22 15:00:00,38.7406553226463,6.742669751653845,66.96736702571322
2024-02-22 16:00:00,38.396179268383,7.665319092436956,68.10682729326872
2024-02-22 17:00:00,37.7150096586774,9.584560968234308,68.41223104149475
2024-02-22 18:00:00,37.45652566279814,8.933183776610266,66.86594788311456
2024-02-22 19:00:00,37.969115687097634,9.604760360684953,69.68587268868383
2024-02-22 20:00:00,38.744142140331526,8.924882865963491,70.3043653634487
2024-02-22 21:00:00,38.93063275408314,9.448913947934944,71.91213073469974
2024-02-22 22:00:00,38.282583788964466,9.279304992959782,69.84375594114589
2024-02-22 23:00:00,37.51762877237671,7.200810297660857,67.48793102113419
2024-02-23 00:00:00,37.64107648750892,6.865427508232648,67.7535286718141
2024-02-23 01:00:00,38.86643009175479,8.299701200237578,69.26683272609398
2024-02-23 02:00:00,40.24017618153347,9.436286731760498,67.8257989587921
2024-02-23 03:00:00,40.43394703311404,12.324851567483982,70.70827473328663
2024-02-23 04:00:00,39.00876564104569,9.053331401931375,69.14918312293841
2024-02-23 05:00:00,36.934822403467095,7.053044387903703,67.34725965892059
2024-02-23 06:00:00,35.81431700152824,5.118437212322217,66.84974365159427
2024-02-23 07:00:00,36.48639406327227,6.219864281522297,65.7696044988707
2024-02-23 08:00:00,38.299157112990486,8.856595141949814,68.62107518744796
2024-02-23 09:00:00,39.71649083548494,10.74133717454868,70.19857349938776
2024-02-23 10:00:00,39.67701681090077,9.612957448709302,69.57556760226676
2024-02-23 11:00:00,38.442060758013824,8.210582702482393,70.23821939099092
2024-02-23 12:00:00,37.19918178090503,6.635405603685281,63.73224898525012
2024-02-23 13:00:00,36.887787622403664,6.697379927791749,66.03954016511872
2024-02-23 14:00:00,37.40937483821015,7.490139846018715,67.09799826512065
2024-02-23 15:00:00,37.927571072699656,7.906631840490607,67.50707701790164
2024-02-23 16:00:00,37.85033552730897,9.411165938961076,70.17541304101172
2024-02-23 17:00:00,37.442529296548734,6.1839414406031015,68.71582963393212
2024-02-23 18:00:00,37.46178377118886,4.548455105011068,67.90094072782524
2024-02-23 19:00:00,38.25472639190329,8.41048334457986,69.21389263612988
2024-02-23 20:00:00,39.31095922416358,6.289564942417279,71.43812220307382
2024-02-23 21:00:00,39.77776382362754,10.922587315959749,68.97281260321967
2024-02-23 22:00:00,39.407417599518936,7.257698078429273,69.86494476044831
2024-02-23 23:00:00,38.91587520268204,10.161647855507953,68.4221318800828
2024-02-24 00:00:00,39.30681854906832,8.962363182919308,67.46071344993858
2024-02-24 01:00:00,40.79218725245274,10.847595679563732,71.0661550818598
2024-02-24 02:00:00,42.41697819378655,11.649597083407658,70.9492901511921
2024-02-24 03:00:00,42.85141737181043,10.845190655908276,73.91831190860376
2024-02-24 04:00:00,41.65521358751169,10.161482135772184,72.25316732123193
2024-02-24 05:00:00,39.79734275141294,10.354358231962065,70.33979655941387
2024-02-24 06:00:00,38.87889631445171,10.172001291147668,68.03430453970027
2024-02-24 07:00:00,39.73802237792937,10.11923880122267,68.82986533885946
2024-02-24 08:00:00,41.721943962444456,12.344282462073773,72.37992061015437
2024-02-24 09:00:00,43.293784455663015,13.460913620999357,75.61190445388618
2024-02-24 10:00:00,43.39152539840689,12.19372359621609,74.44640672151175
2024-02-24 11:00:00,42.27597466298679,11.598993672776059,73.04868284051209
2024-02-24 12:00:00,41.13429554616718,9.755752446880235,70.59279373335868
2024-02-24 13:00:00,40.905620819870414,9.699454136280492,67.8921455141953
2024-02-24 14:00:00,41.49129070202347,11.987260836153252,70.30338014634212
2024-02-24 15:00:00,42.05489199007898,11.54345323952445,71.89594457763634
2024-02-24 16:00:00,42.00445451351075,12.517710637115584,71.67765709250378
2024-02-24 17:00:00,41.60501665959865,13.889083938876132,72.14448899167142
2024-02-24 18:00:00,41.61448825260776,14.294206101363326,73.22705435939908
2024-02-24 19:00:00,42.3798701594155,11.737605504846123,74.33875597458729
2024-02-24 20:00:00,43.391226184480104,12.395806303076778,72.71517439747402
2024-02-24 21:00:00,43.79638082013605,13.136982942308586,73.40957462799548
2024-02-24 22:00:00,43.348228156078484,14.951320356109358,73.82963778184093
2024-02-24 23:00:00,42.763405574776414,14.507120967313924,74.05024339738401
